序号,产品图,名称,电池型号/节数,单位,价格,数量,规格,金额,建议价,市值,条码,重量KG
T-A-003,/product_images/image_row_0008.jpg,Double one双一 003柔滑透薄8只装,无,盒,6.5,,8只/盒,=G8*F8,45,=J8*G8,6901691877817,0.045
T-A-004,/product_images/image_row_0009.jpg,Double one双一 003铂金版12只装,无,盒,7.15,,12只/盒,=G9*F9,45,=J9*G9,6901691870573,0.05
T-A-005,/product_images/image_row_0010.jpg,Double one双一 003无感超薄家庭装10只装,无,盒,6.5,,10只/盒,=G10*F10,45,=J10*G10,6901691205207,0.045
T-A-006,/product_images/image_row_0011.jpg,Double one双一 透明质酸水膜套3只装,无,盒,3.9,,3只/盒,=G11*F11,28,=J11*G11,6901691876698,0.018
T-A-007,/product_images/image_row_0012.jpg,Double one双一 003铂金版3只装,无,盒,3.25,,3只/盒,=G12*F12,25,=J12*G12,6901691877800,0.018
T-A-008,/product_images/image_row_0013.jpg,Double one双一 003赠品1只装,无,盒,1.105,,1只/盒,=G13*F13,16,=J13*G13,无条码,0.01
T-A-009,/product_images/image_row_0014.jpg,Double one双一 至久至爱 超薄动感颗粒10只装,无,盒,7.8,,10只/盒,=G14*F14,45,=J14*G14,6901691877992,0.048
T-A-010,/product_images/image_row_0015.jpg,Double one双一 超薄超滑 无感3只装（茉莉香）,无,盒,2.47,,3只/盒,=G15*F15,28,=J15*G15,6901691868891,0.018
T-A-011,/product_images/image_row_0016.jpg,Double one双一 超薄超滑 无感3只装（玫瑰香）,无,盒,2.47,,3只/盒,=G16*F16,28,=J16*G16,6901691872317,0.018
T-A-012,/product_images/image_row_0017.jpg,Double one双一 超薄超滑 无感激情8只装,无,盒,4.875,,8只/盒,=G17*F17,35,=J17*G17,6901691275613,0.045
T-A-013,/product_images/image_row_0018.jpg,Double one双一 超薄超滑 无感12只装（玫瑰香）,无,盒,6.5,,12只/盒,=G18*F18,45,=J18*G18,6901691868877,0.05
T-A-014,/product_images/image_row_0019.jpg,MOMO-陌陌002三合一恃久 10只装,无,盒,4.03,,10只/盒,=G19*F19,45,=J19*G19,6926418801067,0.05
T-A-015,/product_images/image_row_0020.jpg,MOMO-陌陌002冰感螺纹-潮 10只装,无,盒,4.03,,10只/盒,=G20*F20,45,=J20*G20,6926418801081,0.05
T-A-016,/product_images/image_row_0021.jpg,MOMO-走火入MO3D动感大颗粒,无,盒,4.225,,10只/盒,=G21*F21,48,=J21*G21,6926418800237,0.05
T-A-017,/product_images/image_row_0022.jpg,MOMO-走火入MO倍润爽滑,无,盒,4.225,,10只/盒,=G22*F22,48,=J22*G22,6926418800220,0.05
T-A-018,/product_images/image_row_0023.jpg,MOMO-陌陌激情恃久小风车 2只装,无,盒,1.885,,2只/盒,=G23*F23,18,=J23*G23,6926418801227,0.02
T-A-022,/product_images/image_row_0024.jpg,MOMO-陌陌凸感大颗粒 3只装,无,盒,2.405,,3只/盒,=G24*F24,18,=J24*G24,6926418801111,0.02
T-A-023,/product_images/image_row_0025.jpg,MOMO-陌陌恃久滋润清爽 3只装,无,盒,2.405,,3只/盒,=G25*F25,18,=J25*G25,6926418801104,0.02
T-A-025,/product_images/image_row_0026.jpg,MOMO-陌陌002玻尿酸-超薄 10只装,无,盒,4.03,,10只/盒,=G26*F26,45,=J26*G26,6926418801050,0.045
T-A-026,/product_images/image_row_0027.jpg,MOMO-陌陌十万+颗粒 10只装,无,盒,4.03,,10只/盒,=G27*F27,45,=J27*G27,6926418801074,0.05
T-A-027,/product_images/image_row_0028.jpg,Double one双一 少女情活力螺纹12只装,无,盒,4.875,,12只/盒,=G28*F28,38,=J28*G28,6901691275965,0.045
T-A-028,/product_images/image_row_0029.jpg,Double one双一 少女情激情光面12只装,无,盒,4.875,,12只/盒,=G29*F29,38,=J29*G29,6901691275941,0.045
T-A-029,/product_images/image_row_0030.jpg,Double one双一 浓情超爽润滑10只装,无,盒,4.55,,10只/盒,=G30*F30,35,=J30*G30,6901691868044,0.045
T-A-030,/product_images/image_row_0031.jpg,Double one双一 浓情敏感颗粒10只装,无,盒,4.55,,10只/盒,=G31*F31,35,=J31*G31,6901691868068,0.045
T-A-031,/product_images/image_row_0032.jpg,Double one双一 浓情浪漫螺纹10只装,无,盒,4.55,,10只/盒,=G32*F32,35,=J32*G32,6901691868051,0.045
T-A-032,/product_images/image_row_0033.jpg,第六感 超薄爽滑3只装 超薄丝滑亲密贴合,无,盒,3.1005,,3只/盒,=G33*F33,25,=J33*G33,6932564454699,0.02
T-A-033,/product_images/image_row_0034.jpg,第六感 超薄倍润3只装 加量润滑自由畅想,无,盒,3.1005,,3只/盒,=G34*F34,25,=J34*G34,6932564454675,0.02
T-A-034,/product_images/image_row_0035.jpg,第六感 超薄爽滑12只装,无,盒,7.735,,12只/盒,=G35*F35,38,=J35*G35,6932564454682,0.045
T-A-035,/product_images/image_row_0036.jpg,第六感 超薄倍润12只装,无,盒,7.735,,12只/盒,=G36*F36,38,=J36*G36,6932564454668,0.045
T-A-036,/product_images/image_row_0037.jpg,第六感 超薄紧型3只装（LJ3-TJ）,无,盒,4.55,,3只/盒,=G37*F37,18,=J37*G37,6932564451063,0.03
T-A-036.1,/product_images/image_row_0038.jpg,第六感 超薄紧型12只装（LJ12-TJ）,无,盒,11.7,,12只/盒,=G38*F38,38,=J38*G38,6932564451070,0.04
T-A-036.2,/product_images/image_row_0039.jpg,第六感 趣指爱10只装（LZ10-YKS）,无,盒,8.19,,12只/盒,=G39*F39,38,=J39*G39,6932564454323,0.04
T-A-037,/product_images/image_row_0040.jpg,第六感 G潮颗粒多3只装 （LBK3X-TJ）,无,盒,3.77,,3只/盒,=G40*F40,18,=J40*G40,6932564457133,0.03
T-A-037.1,/product_images/image_row_0041.jpg,第六感 超薄隐形PRO3只装（LBC3-TJ）,无,盒,3.9,,3只/盒,=G41*F41,18,=J41*G41,6932564455566,0.03
T-A-038,/product_images/image_row_0042.jpg,Durex-杜蕾斯活力2只装,无,盒,7.085,,2只/盒,=G42*F42,28,=J42*G42,6923146114155,0.03
T-A-039,/product_images/image_row_0043.jpg,杰士邦 超薄玻尿酸2只装（JHB2-TJ）,无,盒,4.68,,2只/盒,=G43*F43,25,=J43*G43,6927099420936,0.02
T-A-039.1,/product_images/image_row_0044.jpg,杰士邦 超薄玻尿酸10只装（JHB10-TJ）,无,盒,17.2315,,10只/盒,=G44*F44,38,=J44*G44,6927099420967,0.045
T-A-040,/product_images/image_row_0045.jpg,杰士邦 浪漫环纹3只装（JH3）,无,盒,6.89,,3只/盒,=G45*F45,28,=J45*G45,6927099400242,0.03
T-A-040.1,/product_images/image_row_0046.jpg,杰士邦 浪漫环纹10只装 (JH10),无,盒,20.54,,10只/盒,=G46*F46,48,=J46*G46,6927099415642,0.04
T-A-041,/product_images/image_row_0047.jpg,杰士邦 超润玻尿酸3只装（JHA3）,无,盒,8.125,,3只/盒,=G47*F47,28,=J47*G47,6927099410432,0.03
T-A-041.1,/product_images/image_row_0048.jpg,杰士邦 超润玻尿酸10只装（JHA10）,无,盒,23.53,,10只/盒,=G48*F48,48,=J48*G48,6927099410449,0.04
T-A-042,/product_images/image_row_0049.jpg,杰士邦 紧型超薄3只装（JSM3）,无,盒,7.54,,3只/盒,=G49*F49,28,=J49*G49,6927099405506,0.03
T-A-042.1,/product_images/image_row_0050.jpg,杰士邦 紧型超薄12只装（JSM12）,无,盒,23.4,,12只/盒,=G50*F50,48,=J50*G50,6927099405513,0.04
T-A-043,/product_images/image_row_0051.jpg,杰士邦 喵舌颗粒多3只装（JOO3）,无,盒,11.7,,3只/盒,=G51*F51,28,=J51*G51,6927099411231,0.03
T-A-043.1,/product_images/image_row_0052.jpg,杰士邦 喵舌颗粒多6只装（JOO6）,无,盒,21.06,,6只/盒,=G52*F52,48,=J52*G52,6927099411248,0.04
T-A-043.2,/product_images/image_row_0053.jpg,杰士邦 喵舌颗粒多12只装（JOO12）,无,盒,33.54,,12只/盒,=G53*F53,69.9,=J53*G53,6927099411255,0.05
T-A-044,/product_images/image_row_0054.jpg,杰士邦 巨龙环纹3只装（JDG3）,无,盒,12.35,,3只/盒,=G54*F54,38,=J54*G54,6927099414546,0.03
T-A-044.1,/product_images/image_row_0055.jpg,杰士邦 巨龙环纹6只装（JDG6）,无,盒,21.97,,10只/盒,=G55*F55,48,=J55*G55,6927099414577,0.04
T-A-044.2,/product_images/image_row_0056.jpg,杰士邦 巨龙环纹12只装（JDG12）,无,盒,38.35,,12只/盒,=G56*F56,79.9,=J56*G56,6927099414607,0.05
T-A-045,/product_images/image_row_0057.jpg,杰士邦 物理延时咖啡香3只（JCO3）,无,盒,11.7,,3只/盒,=G57*F57,28,=J57*G57,6927099414362,0.03
T-A-045.1,/product_images/image_row_0058.jpg,杰士邦 物理延时咖啡香6只（JCO6）,无,盒,20.67,,6只/盒,=G58*F58,48,=J58*G58,6927099414393,0.04
T-A-045.2,/product_images/image_row_0059.jpg,杰士邦 物理延时咖啡香12只（JCO12）,无,盒,32.825,,12只/盒,=G59*F59,69.9,=J59*G59,6927099414423,0.05
T-A-046,/product_images/image_row_0060.jpg,杰士邦 大号XXL超薄3只装（JXL3）,无,盒,7.8,,3只/盒,=G60*F60,28,=J60*G60,6927099405476,0.03
T-A-046.1,/product_images/image_row_0061.jpg,杰士邦 大号XXL超薄12只装（JXL12）,无,盒,24.05,,12只/盒,=G61*F61,48,=J61*G61,6927099405490,0.04
T-A-047,/product_images/image_row_0062.jpg,杰士邦 零感玻尿酸超薄1只装,无,盒,3.25,,1只/盒,=G62*F62,18,=J62*G62,8850956033247,0.025
T-A-047.1,/product_images/image_row_0063.jpg,杰士邦 ZERO零感超薄玻尿酸3只装(ZHA3-E),无,盒,11.31,,3只/盒,=G63*F63,28,=J63*G63,8850956033360,0.03
T-A-047.2,/product_images/image_row_0064.jpg,杰士邦 ZERO零感玻尿酸超薄6只装(ZHA6-G),无,盒,20.67,,6只/盒,=G64*F64,48,=J64*G64,8850956133381,0.04
T-A-048,/product_images/image_row_0065.jpg,杰士邦 ZERO零感超薄玻尿酸紧型3只装(ZSM3-A),无,盒,14.95,,3只/盒,=G65*F65,38,=J65*G65,8850956032837,0.03
T-A-048.1,/product_images/image_row_0066.jpg,杰士邦 ZERO零感超薄玻尿酸紧型12只装（ZSM12-A）,无,盒,44.2,,12只/盒,=G66*F66,79.9,=J66*G66,8850956032844,0.05
T-A-049,/product_images/image_row_0067.jpg,第六感 超薄隐形PRO 2只装（酒店定制）,无,盒,2.34,,2只/盒,=G67*F67,25,=J67*G67,6932564457157,0.04
T-A-049.1,/product_images/image_row_0068.jpg,杰士邦 3D巧颗粒2只装（JOC2）,无,盒,5.85,,2只/盒,=G68*F68,25,=J68*G68,6927099421698,0.03
T-A-049.2,/product_images/image_row_0069.jpg,杰士邦 3D巧颗粒8只装（JOC8）,无,盒,22.1,,8只/盒,=G69*F69,49.9,=J69*G69,6927099421728,0.04
T-A-049.3,/product_images/image_row_0070.jpg,杰士邦 3D巧颗粒12只装（JOC12）,无,盒,31.2,,12只/盒,=G70*F70,69.9,=J70*G70,6927099421759,0.04
T-A-050,/product_images/image_row_0071.jpg,第六感 颗粒激点 2只装（酒店定制）,无,盒,2.34,,2只/盒,=G71*F71,25,=J71*G71,6932564457164,0.04
T-A-050.1,/product_images/image_row_0072.jpg,杰士邦 喵舌颗粒多咖啡香3只装（JOOC3）,无,盒,10.725,,3只/盒,=G72*F72,29,=J72*G72,6927099418650,0.03
T-A-050.2,/product_images/image_row_0073.jpg,杰士邦 喵舌颗粒多咖啡香6只装（JOOC6）,无,盒,19.825,,6只/盒,=G73*F73,45,=J73*G73,6927099418681,0.04
T-A-050.3,/product_images/image_row_0074.jpg,杰士邦 喵舌颗粒多咖啡香12只装（JOOC12）,无,盒,34.775,,12只/盒,=G74*F74,77.9,=J74*G74,6927099418711,0.05
T-A-051,/product_images/image_row_0075.jpg,杰士邦 爽滑倍润3只,无,盒,5.85,,3只/盒,=G75*F75,25,=J75*G75,6927099400563,0.018
T-A-051.1,/product_images/image_row_0076.jpg,杰士邦 爽滑倍润10只装（JP10）,无,盒,18.85,,10只/盒,=G76*F76,38,=J76*G76,6927099401379,0.05
T-A-052,/product_images/image_row_0077.jpg,杰士邦 优质超薄3只,无,盒,6.5,,3只/盒,=G77*F77,28,=J77*G77,6927099400211,0.018
T-A-052.1,/product_images/image_row_0078.jpg,杰士邦 优质超薄10只装（JB10）,无,盒,21.06,,10只/盒,=G78*F78,48,=J78*G78,6927099401362,0.05
T-A-053,/product_images/image_row_0079.jpg,杰士邦 敢爱3只装,无,盒,3.77,,3只/盒,=G79*F79,20,=J79*G79,6927099404127,0.02
T-A-053.1,/product_images/image_row_0080.jpg,杰士邦 敢做敢爱8只装（JLL8）,无,盒,10.075,,8只/盒,=G80*F80,38,=J80*G80,6927099415529,0.05
T-A-055,/product_images/image_row_0081.jpg,冈本SKIN系列 超润滑2只装,无,盒,5.525,,2只/盒,=G81*F81,25,=J81*G81,6950428004026,0.045
T-A-056,/product_images/image_row_0082.jpg,杰士邦 3D大颗粒8只装,无,盒,17.68,,8只/盒,=G82*F82,48,=J82*G82,6927099404561,0.045
T-A-056.1,/product_images/image_row_0083.jpg,杰士邦 温馨浮点10只装 (JF10),无,盒,20.54,,10只/盒,=G83*F83,45,=J83*G83,6927099415635,0.05
T-A-057,/product_images/image_row_0084.jpg,杰士邦 动感大颗粒10只,无,盒,14.3,,10只/盒,=G84*F84,38,=J84*G84,6927099406091,0.05
T-A-057.1,/product_images/image_row_0085.jpg,杰士邦 动感大颗粒8只装 (TF8),无,盒,13.975,,8只/盒,=G85*F85,38,=J85*G85,6927099415611,0.05
T-A-057.2,/product_images/image_row_0086.jpg,杰士邦 动感大颗粒3只装（TF3）,无,盒,5.59,,3只/盒,=G86*F86,25,=J86*G86,6927099408538,0.03
T-A-058,/product_images/image_row_0087.jpg,杰士邦 自由派2只装,无,盒,3.12,,2只/盒,=G87*F87,28,=J87*G87,6927099405247,0.012
T-A-059,/product_images/image_row_0088.jpg,杰士邦 3D大颗粒(2只体验装）,无,盒,4.16,,2只/盒,=G88*F88,28,=J88*G88,310606022,0.012
T-A-060,/product_images/image_row_0089.jpg,杰士邦 零感2只装,无,盒,3.575,,2只/盒,=G89*F89,28,=J89*G89,8850956392610,0.015
T-A-061,/product_images/image_row_0090.jpg,杰士邦 超薄6只装（三合一）,无,盒,4.55,,6只/盒,=G90*F90,38,=J90*G90,313816502,0.038
T-A-062,/product_images/image_row_0091.jpg,杰士邦 零感4只 超薄超润体验装,无,盒,6.825,,4只/盒,=G91*F91,38,=J91*G91,731909490,0.035
T-A-063,/product_images/image_row_0092.jpg,杰士邦 动感大颗粒4只（体验装）,无,盒,5.2,,4只/盒,=G92*F92,38,=J92*G92,811506467,0.035
T-A-063.1,/product_images/image_row_0093.jpg,杰士邦 超滑超薄3只装（JG3）,无,盒,7.54,,3只/盒,=G93*F93,18,=J93*G93,6927099402420,0.03
T-A-063.2,/product_images/image_row_0094.jpg,杰士邦 超滑超薄10只装 (JG10),无,盒,19.11,,10只/盒,=G94*F94,38,=J94*G94,6927099415628,0.05
T-A-064,/product_images/image_row_0095.jpg,杰士邦 零感超薄6只装,无,盒,13.91,,6只/盒,=G95*F95,48,=J95*G95,8850956252587,0.04
T-A-064.1,/product_images/image_row_0096.jpg,杰士邦 ZERO零感超薄12只装-泰国(ZT12-N）,无,盒,27.3,,12只/盒,=G96*F96,58,=J96*G96,8850956072512,0.05
T-A-064.2,/product_images/image_row_0097.jpg,杰士邦 ZERO零感超薄3只装-泰国（ZT3-N）,无,盒,7.67,,3只/盒,=G97*F97,28,=J97*G97,8850956032516,0.03
T-A-065,/product_images/image_row_0098.jpg,第六感超薄超滑6只装,无,盒,3.575,,6只/盒,=G98*F98,38,=J98*G98,6932564451445,0.045
T-A-066,/product_images/image_row_0099.jpg,第六感螺纹诱惑6只装（体验装）,无,盒,4.875,,6只/盒,=G99*F99,38,=J99*G99,412206211,0.045
T-A-067,/product_images/image_row_0100.jpg,第六感超薄平滑2只（酒店定制）,无,盒,2.34,,2只/盒,=G100*F100,28,=J100*G100,6932564451230,0.02
T-A-068,/product_images/image_row_0101.jpg,第六感 003·超薄12只装,无,盒,10.4,,12只/盒,=G101*F101,38,=J101*G101,6932564454903,0.045
T-A-069,/product_images/image_row_0102.jpg,第六感 003·超润滑12只装,无,盒,11.7,,12只/盒,=G102*F102,38,=J102*G102,6932564454934,0.045
T-A-070,/product_images/image_row_0103.jpg,第六感超薄平滑10只,无,盒,9.4705,,10只/盒,=G103*F103,38,=J103*G103,6932564420083,0.045
T-A-071,/product_images/image_row_0104.jpg,第六感超薄平滑3只,无,盒,3.51,,3只/盒,=G104*F104,18,=J104*G104,6932564420021,0.02
T-A-072,/product_images/image_row_0105.jpg,第六感螺纹10只,无,盒,9.4705,,10只/盒,=G105*F105,38,=J105*G105,6932564420076,0.05
T-A-073,/product_images/image_row_0106.jpg,第六感螺纹3只,无,盒,3.51,,3只/盒,=G106*F106,18,=J106*G106,6932564420038,0.02
T-A-074,/product_images/image_row_0107.jpg,第六感 颗粒激点3只装,无,盒,3.51,,3只/盒,=G107*F107,25,=J107*G107,6932564420014,0.02
T-A-075,/product_images/image_row_0108.jpg,第六感 颗粒激点10只装,无,盒,9.4705,,10只/盒,=G108*F108,38,=J108*G108,6932564420090,0.045
T-A-076,/product_images/image_row_0109.jpg,第六感 超薄超滑3只装,无,盒,3.25,,3只/盒,=G109*F109,25,=J109*G109,6932564420069,0.02
T-A-077,/product_images/image_row_0110.jpg,第六感 冰火一体3只装,无,盒,3.25,,3只/盒,=G110*F110,25,=J110*G110,6932564420045,0.02
T-A-078,/product_images/image_row_0111.jpg,第六感 冰火一体12只装,无,盒,11.18,,12只/盒,=G111*F111,38,=J111*G111,6932564410046,0.045
T-A-078.1,/product_images/image_row_0112.jpg,第六感 冰火颗粒12只装（LG12-TJ）,无,盒,10.725,,12只/盒,=G112*F112,38,=J112*G112,6932564451339,0.045
T-A-078.2,/product_images/image_row_0113.jpg,第六感 冰火凸点螺纹12只装（LDI12-TJ）,无,盒,10.725,,12只/盒,=G113*F113,38,=J113*G113,6932564451360,0.045
T-A-079,/product_images/image_row_0114.jpg,第六感 嗨口爱 口娇套10只装,无,盒,7.501,,10只/盒,=G114*F114,38,=J114*G114,6932564454316,0.045
T-A-080,/product_images/image_row_0115.jpg,第六感 玻尿酸隐形超薄12只装,无,盒,7.15,,12只/盒,=G115*F115,38,=J115*G115,6932564454224,0.045
T-A-081,/product_images/image_row_0116.jpg,第六感 玻尿酸水润超薄12只装,无,盒,7.54,,12只/盒,=G116*F116,38,=J116*G116,6932564454248,0.045
T-A-082,/product_images/image_row_0117.jpg,第六感 玻尿酸颗粒超薄12只装,无,盒,7.93,,12只/盒,=G117*F117,38,=J117*G117,6932564454262,0.045
T-A-083,/product_images/image_row_0118.jpg,第六感 物理延时3只装（LW3),无,盒,3.77,,3只/盒,=G118*F118,28,=J118*G118,6932564453609,0.03
T-A-083.1,/product_images/image_row_0119.jpg,第六感 物理延时10只装（LW10）,无,盒,8.97,,10只/盒,=G119*F119,38,=J119*G119,6932564453616,0.04
T-A-084,/product_images/image_row_0120.jpg,第六感 玻尿酸003超薄3只装（LNB3X-TJ）,无,盒,3.77,,3只/盒,=G120*F120,28,=J120*G120,6932564457720,0.03
T-A-084.1,/product_images/image_row_0121.jpg,第六感 玻尿酸003超薄10只装（LNB10X-TJ）,无,盒,9.425,,10只/盒,=G121*F121,38,=J121*G121,6932564457140,0.04
T-A-085,/product_images/image_row_0122.jpg,冈本SKIN系列 纯8只,无,盒,15.405,,8只/盒,=G122*F122,48,=J122*G122,4547691732064,0.042
T-A-086,/product_images/image_row_0123.jpg,第六感 玻尿酸003超润滑3只装（LBR3X-TJ）,无,盒,4.16,,3只/盒,=G123*F123,28,=J123*G123,6932564457737,0.03
T-A-086.1,/product_images/image_row_0124.jpg,第六感 玻尿酸003超润滑10只装（LBR10X-TJ）,无,盒,10.27,,10只/盒,=G124*F124,38,=J124*G124,6932564457744,0.04
T-A-087,/product_images/image_row_0125.jpg,第六感 玻尿酸003颗粒3只装（LBK3X-TJ）,无,盒,4.16,,3只/盒,=G125*F125,28,=J125*G125,6932564457751,0.03
T-A-087.1,/product_images/image_row_0126.jpg,第六感 玻尿酸003颗粒10只装(LBK10X-TJ),无,盒,10.27,,10只/盒,=G126*F126,38,=J126*G126,6932564457768,0.04
T-A-088,/product_images/image_row_0127.jpg,第六感 玻尿酸水润超薄2只,无,盒,2.015,,2只/盒,=G127*F127,18,=J127*G127,6932564455313,0.02
T-A-089,/product_images/image_row_0128.jpg,第六感 紧型超薄体验装2只,无,盒,2.08,,2只/盒,=G128*F128,18,=J128*G128,6932564454958,0.02
T-A-091,/product_images/image_row_0129.jpg,冈本SKIN系列 激薄3片体验装,无,盒,4.55,,3只/盒,=G129*F129,28,=J129*G129,无条码,0.03
T-A-092,/product_images/image_row_0130.jpg,Durex-杜蕾斯润薄玻尿酸超薄装12只,无,盒,65,,12只/盒,=G130*F130,99,=J130*G130,6923146100394,0.05
T-A-093,/product_images/image_row_0131.jpg,Durex-杜蕾斯润薄玻尿酸超薄装3只,无,盒,19.825,,3只/盒,=G131*F131,35,=J131*G131,6923146100370,0.03
T-A-094,/product_images/image_row_0132.jpg,Durex-杜蕾斯凸点螺纹装8只,无,盒,40.8785,,8只/盒,=G132*F132,75,=J132*G132,6923146107355,0.05
T-A-094.1,/product_images/image_row_0133.jpg,Durex-杜蕾斯凸点螺纹装12只,无,盒,53.69,,12只/盒,=G133*F133,95,=J133*G133,6923146107072,0.5
T-A-095,/product_images/image_row_0134.jpg,Durex-杜蕾斯凸点螺纹装3只,无,盒,15.99,,3只/盒,=G134*F134,35,=J134*G134,6923146107089,0.03
T-A-096,/product_images/image_row_0135.jpg,Durex-杜蕾斯螺纹装3只,无,盒,15.21,,3只/盒,=G135*F135,29,=J135*G135,6923146198070,0.03
T-A-096.1,/product_images/image_row_0136.jpg,Durex-杜蕾斯螺纹装12只,无,盒,42.12,,12只/盒,=G136*F136,75,=J136*G136,6923146198087,0.5
T-A-096.2,/product_images/image_row_0137.jpg,Durex-杜蕾斯凸点螺纹热感装12只装,无,盒,61.36,,12只/盒,=G137*F137,105,=J137*G137,6923146107379,0.5
T-A-097,/product_images/image_row_0138.jpg,杜蕾斯激情装4只VIP装,无,盒,9.1,,4只/盒,=G138*F138,38,=J138*G138,6923146100325,0.03
T-A-097.1,/product_images/image_row_0139.jpg,Durex-杜蕾斯经典红2只装,无,盒,6.5,,2只/盒,=G139*F139,25,=J139*G139,6923146100585,0.03
T-A-097.2,/product_images/image_row_0140.jpg,Durex-杜蕾斯经典红12只装,无,盒,27.56,,12只/盒,=G140*F140,55,=J140*G140,6923146100561,0.5
T-A-098,/product_images/image_row_0141.jpg,Durex-杜蕾斯003高延伸水性聚氨酯避孕套3只,无,盒,45.825,,3只/盒,=G141*F141,85,=J141*G141,6974214220353,0.03
T-A-099,/product_images/image_row_0142.jpg,Durex-杜蕾斯水润玻尿酸2只装,无,盒,10.66,,2只/盒,=G142*F142,28,=J142*G142,6923146100691,0.03
T-A-099.1,/product_images/image_row_0143.jpg,Durex-杜蕾斯水润玻尿酸12只装,无,盒,42.12,,12只/盒,=G143*F143,75,=J143*G143,6923146100615,0.05
T-A-100,/product_images/image_row_0144.jpg,Durex-杜蕾斯亲昵装12只,无,盒,34.45,,12只/盒,=G144*F144,65,=J144*G144,6923146112281,0.05
T-A-101,/product_images/image_row_0145.jpg,Durex-杜蕾斯love大胆爱吧10只装,无,盒,21.32,,10只/盒,=G145*F145,48,=J145*G145,6923146105016,0.045
T-A-102,/product_images/image_row_0146.jpg,Durex-杜蕾斯love大胆爱吧3只装,无,盒,7.475,,3只/盒,=G146*F146,18,=J146*G146,6923146102046,0.02
T-A-103,/product_images/image_row_0147.jpg,Durex-杜蕾斯活力装12只,无,盒,30.55,,12只/盒,=G147*F147,55,=J147*G147,6923146198063,0.05
T-A-104,/product_images/image_row_0148.jpg,Durex-杜蕾斯活力装3只,无,盒,11.375,,3只/盒,=G148*F148,25,=J148*G148,6923146198162,0.02
T-A-105,/product_images/image_row_0149.jpg,Durex-杜蕾斯激情装3只,无,盒,13.65,,3只/盒,=G149*F149,28,=J149*G149,6923146198094,0.015
T-A-105.1,/product_images/image_row_0150.jpg,Durex-杜蕾斯激情装12只,无,盒,42.12,,12只/盒,=G150*F150,75,=J150*G150,6923146199275,0.05
T-A-105.2,/product_images/image_row_0151.jpg,Durex-杜蕾斯双保险装12只 加厚物理延时,无,盒,53.69,,12只/盒,=G151*F151,95,=J151*G151,6923146100066,0.05
T-A-105.3,/product_images/image_row_0152.jpg,Durex-杜蕾斯大号装12只 大尺寸畅享爱,无,盒,38.35,,12只/盒,=G152*F152,65,=J152*G152,6923146122839,0.05
T-A-106,/product_images/image_row_0153.jpg,Durex-杜蕾斯紧型装12只,无,盒,38.35,,12只/盒,=G153*F153,65,=J153*G153,5052197017199,0.05
T-A-107,/product_images/image_row_0154.jpg,Durex-杜蕾斯挚爱装3只,无,盒,12.22,,3只/盒,=G154*F154,25,=J154*G154,6923146198117,0.015
T-A-107.1,/product_images/image_row_0155.jpg,Durex-杜蕾斯挚爱装12只,无,盒,34.45,,12只/盒,=G155*F155,65,=J155*G155,6923146198018,0.05
T-A-108,/product_images/image_row_0156.jpg,Durex-杜蕾斯超薄装3只隐feel金装,无,盒,15.21,,3只/盒,=G156*F156,35,=J156*G156,6923146100011,0.02
T-A-109,/product_images/image_row_0157.jpg,Durex-杜蕾斯紧型超薄装3只,无,盒,17.55,,3只/盒,=G157*F157,35,=J157*G157,6923146121030,0.03
T-A-109.1,/product_images/image_row_0158.jpg,Durex-杜蕾斯紧型超薄装12只,无,盒,57.46,,12只/盒,=G158*F158,95,=J158*G158,6923146120996,0.05
T-A-110,/product_images/image_row_0159.jpg,Durex-杜蕾斯倍滑超薄装3只,无,盒,17.55,,3只/盒,=G159*F159,35,=J159*G159,6923146120972,0.03
T-A-110.1,/product_images/image_row_0160.jpg,Durex-杜蕾斯倍滑超薄装12只,无,盒,57.46,,12只/盒,=G160*F160,95,=J160*G160,6923146120958,0.05
T-A-111,/product_images/image_row_0161.jpg,Durex-杜蕾斯超薄装12只隐feel超薄隐形,无,盒,49.725,,12只/盒,=G161*F161,85,=J161*G161,6923146100028,0.05
T-A-112,/product_images/image_row_0162.jpg,Durex-杜蕾斯热感超薄装12只,无,盒,57.46,,12只/盒,=G162*F162,95,=J162*G162,6923146106020,0.05
T-A-112.1,/product_images/image_row_0163.jpg,Durex-杜蕾斯热感超薄装3只,无,盒,17.55,,3只/盒,=G163*F163,35,=J163*G163,6923146106013,0.03
T-A-113,/product_images/image_row_0164.jpg,Durex-杜蕾斯AiR隐薄空气套6只,无,盒,65,,6只/盒,=G164*F164,129,=J164*G164,6923146114957,0.05
T-A-114,/product_images/image_row_0165.jpg,Durex-杜蕾斯AiR隐薄空气套3只,无,盒,38.35,,3只/盒,=G165*F165,65,=J165*G165,6923146114940,0.03
T-A-114.1,/product_images/image_row_0166.jpg,Durex-杜蕾斯AIR润薄空气套3只,无,盒,42.12,,3只/盒,=G166*F166,75,=J166*G166,6923146120842,0.03
T-A-115,/product_images/image_row_0167.jpg,Durex-杜蕾斯001水性聚氨酯避孕套3只装,无,盒,61.1,,3只/盒,=G167*F167,138,=J167*G167,6974214220087,0.03
T-A-116,/product_images/image_row_0168.jpg,倍力乐 G点潜水龙,无,盒,4.68,,3只/盒,=G168*F168,38,=J168*G168,6971787075588,0.04
T-A-117,/product_images/image_row_0169.jpg,倍力乐 抬头霸王龙,无,盒,4.68,,3只/盒,=G169*F169,38,=J169*G169,6971787075502,0.045
T-A-118,/product_images/image_row_0170.jpg,倍力乐 口娇套PRO 10只装,无,盒,4.55,,10只/盒,=G170*F170,38,=J170*G170,6971787075519,0.05
T-A-119,/product_images/image_row_0171.jpg,倍力乐 经典震动套,无,盒,4.55,,2只/盒,=G171*F171,38,=J171*G171,6971787077216,0.05
T-B-120,/product_images/image_row_0172.jpg,名流 致薄002,无,盒,3.12,,10只/盒,=G172*F172,38,=J172*G172,6936296728899,0.04
T-B-121,/product_images/image_row_0173.jpg,名流 加倍润滑,无,盒,3.12,,10只/盒,=G173*F173,38,=J173*G173,6936296726680,0.04
T-B-122,/product_images/image_row_0174.jpg,名流 冰火融情G点大颗粒,无,盒,4.55,,10只/盒,=G174*F174,38,=J174*G174,6936296754591,0.04
T-B-123,/product_images/image_row_0175.jpg,名流 热粒渴望G点大颗粒,无,盒,4.55,,10只/盒,=G175*F175,38,=J175*G175,6936296712034,0.045
T-B-124,/product_images/image_row_0176.jpg,名流 柔滑丝薄,无,盒,3.51,,10只/盒,=G176*F176,38,=J176*G176,6936296727083,0.045
T-B-125,/product_images/image_row_0177.jpg,名流 有型超薄,无,盒,3.51,,10只/盒,=G177*F177,38,=J177*G177,6936296758766,0.045
T-B-126,/product_images/image_row_0178.jpg,名流 薄如羽翼紧绷套,无,盒,5.1675,,12只/盒,=G178*F178,38,=J178*G178,6936296767348,0.045
T-B-127,/product_images/image_row_0179.jpg,名流 紧绷G点套,无,盒,4.537,,10只/盒,=G179*F179,38,=J179*G179,6936296772038,0.045
T-B-128,/product_images/image_row_0180.jpg,名流 超紧G点套 超小号颗粒,无,盒,4.745,,10只/盒,=G180*F180,38,=J180*G180,6936296772441,0.045
T-B-129,/product_images/image_row_0181.jpg,名流 XL大尺寸套 黑金,无,盒,4.68,,10只/盒,=G181*F181,48,=J181*G181,6936296756786,0.045
T-B-133,/product_images/image_row_0182.jpg,名流 持久 久润10只装,无,盒,4.6475,,10只/盒,=G182*F182,38,=J182*G182,6936296732445,0.045
T-B-134,/product_images/image_row_0183.jpg,名流 持久 颗粒10只装,无,盒,5.265,,10只/盒,=G183*F183,38,=J183*G183,6936296732452,0.045
T-B-135,/product_images/image_row_0184.jpg,名流 冰火融情G点大颗粒 3只装,无,盒,1.547,,3只/盒,=G184*F184,18,=J184*G184,6936296774032,0.015
T-B-136,/product_images/image_row_0185.jpg,名流 开心持久 3只装,无,盒,1.664,,3只/盒,=G185*F185,18,=J185*G185,6936296773998,0.015
T-B-137,/product_images/image_row_0186.jpg,名流 致薄002 3只装,无,盒,1.43,,3只/盒,=G186*F186,18,=J186*G186,6936296772007,0.015
T-B-138,/product_images/image_row_0187.jpg,MINGLIU-名流 动感颗粒,无,盒,3.51,,10只/盒,=G187*F187,28,=J187*G187,6936296751668,0.05
T-B-139,/product_images/image_row_0188.jpg,MINGLIU-名流 火热之恋 凸点螺纹套,无,盒,4.94,,10只/盒,=G188*F188,28,=J188*G188,6936296712003,0.05
T-B-140,/product_images/image_row_0189.jpg,MINGLIU-名流 冰火盛宴 凸点螺纹套,无,盒,4.55,,10只/盒,=G189*F189,28,=J189*G189,6936296755857,0.05
T-B-141,/product_images/image_row_0190.jpg,MINGLIU-名流 ORALSEX爽口套,无,盒,4.849,,10只/盒,=G190*F190,28,=J190*G190,6936296771529,0.05
T-B-142,/product_images/image_row_0191.jpg,MINGLIU-名流 玻尿酸.润-水多多,无,盒,6.5,,10只/盒,=G191*F191,38,=J191*G191,6936296775138,0.05
T-B-143,/product_images/image_row_0192.jpg,MINGLIU-名流 玻尿酸.润-滋养多,无,盒,6.5,,10只/盒,=G192*F192,38,=J192*G192,6936296775169,0.05
T-B-144,/product_images/image_row_0193.jpg,MINGLIU-名流 玻尿酸.润-颗粒多,无,盒,6.5,,10只/盒,=G193*F193,38,=J193*G193,6936296774872,0.05
T-B-145,/product_images/image_row_0194.jpg,MINGLIU-名流 持久系列超薄玻尿酸2只装,无,盒,1.95,,2只/盒,=G194*F194,28,=J194*G194,6936296733121,0.03
T-B-156,/product_images/image_row_0195.jpg,幽美 无感001（玻尿酸）红,无,盒,2.08,,10只/盒,=G195*F195,28,=J195*G195,6941210306305,0.04
T-B-157,/product_images/image_row_0196.jpg,幽美 透薄大油量（玻尿酸）,无,盒,2.08,,10只/盒,=G196*F196,28,=J196*G196,6941210306008,0.04
T-B-158,/product_images/image_row_0197.jpg,幽美 精致薄,无,盒,2.015,,10只/盒,=G197*F197,28,=J197*G197,6941210304509,0.04
T-B-159,/product_images/image_row_0198.jpg,幽美 001亲肤装,无,盒,2.015,,10只/盒,=G198*F198,28,=J198*G198,6941210306060,0.04
T-B-160,/product_images/image_row_0199.jpg,情定宵 薄001,无,盒,2.145,,10只/盒,=G199*F199,30,=J199*G199,6970359060144,0.04
T-B-161,/product_images/image_row_0200.jpg,海氏海诺-滑 光面丝滑,无,盒,3.705,,10只/盒,=G200*F200,28,=J200*G200,6970016562400,0.045
T-B-162,/product_images/image_row_0201.jpg,海氏海诺-薄 透薄亲密,无,盒,3.9,,10只/盒,=G201*F201,28,=J201*G201,6970016562387,0.045
T-B-163,/product_images/image_row_0202.jpg,海氏海诺-爽 浮点颗粒,无,盒,4.68,,10只/盒,=G202*F202,38,=J202*G202,6970016562394,0.045
T-B-164,/product_images/image_row_0203.jpg,海氏海诺-冰火 趣味套（冰感+热感）,无,盒,5.07,,10只/盒,=G203*F203,48,=J203*G203,6970016562417,0.045
T-B-165,/product_images/image_row_0204.jpg,海氏海诺-幻彩滑 丝滑快感,无,盒,3.51,,10只/盒,=G204*F204,28,=J204*G204,6970016560918,0.045
T-B-166,/product_images/image_row_0205.jpg,海氏海诺-幻彩激 大胆爱（颗粒型）,无,盒,3.705,,10只/盒,=G205*F205,28,=J205*G205,6970016560925,0.045
T-B-167,/product_images/image_row_0206.jpg,海氏海诺-幻彩冰火 趣味套（冰感+热感）,无,盒,3.9,,10只/盒,=G206*F206,48,=J206*G206,6970016560932,0.045
T-B-168,/product_images/image_row_0207.jpg,海氏海诺-久 耐战（物理延时）,无,盒,5.2,,10只/盒,=G207*F207,48,=J207*G207,6970016563421,0.045
T-C-171,/product_images/image_row_0208.jpg,PQ-戴戴乐 热辣,无,盒,3.25,,10只/盒,=G208*F208,28,=J208*G208,6970016560116,0.045
T-C-173,/product_images/image_row_0209.jpg,海氏海诺-PQ狼牙套（黄）,无,盒,4.355,,12只/盒,=G209*F209,35,=J209*G209,6970016560703,0.05
T-C-173.1,/product_images/image_row_0210.jpg,海氏海诺-PQ狼牙套（蓝）,无,盒,4.355,,12只/盒,0,35,0,6970016560727,0.05
T-C-174,/product_images/image_row_0211.jpg,PQ-戴戴乐 隐形,无,盒,3.25,,10只/盒,=G211*F211,28,=J211*G211,6970016560000,0.045
T-C-175,/product_images/image_row_0212.jpg,海氏海诺-水润 丝滑润泽10只装,无,盒,3.51,,10只/盒,=G212*F212,28,=J212*G212,6970016560055,0.05
T-C-176,/product_images/image_row_0213.jpg,海氏海诺-裸薄 贴合10只装,无,盒,3.51,,10只/盒,=G213*F213,28,=J213*G213,6970016561359,0.05
T-C-177,/product_images/image_row_0214.jpg,海氏海诺-大胆爱 颗粒10只装,无,盒,3.51,,10只/盒,=G214*F214,28,=J214*G214,6970016561373,0.05
T-C-178,/product_images/image_row_0215.jpg,海氏海诺-水诱惑 清爽10只装,无,盒,3.9,,10只/盒,=G215*F215,38,=J215*G215,6970016561366,0.05
T-C-179,/product_images/image_row_0216.jpg,海氏海诺-冰火 趣味VERYCOOL10只装,无,盒,3.9,,10只/盒,=G216*F216,38,=J216*G216,6970016560895,0.05
T-C-180,/product_images/image_row_0217.jpg,海氏海诺-幻薄 裸感润薄10只装,无,盒,3.25,,10只/盒,=G217*F217,38,=J217*G217,6970016566095,0.05
T-C-181,/product_images/image_row_0218.jpg,海氏海诺-幻薄 裸感润薄2只装,无,盒,1.3,,2只/盒,=G218*F218,20,=J218*G218,6970016566101,0.03
T-C-182,/product_images/image_row_0219.jpg,海氏海诺-爱上爱 薄（果冻套）,无,盒,1.3,,2只/盒,=G219*F219,20,=J219*G219,6970016565982,0.03
T-C-183,/product_images/image_row_0220.jpg,海氏海诺-零感润 润薄·玻尿酸,无,盒,5.2,,10只/盒,=G220*F220,38,=J220*G220,6970016565531,0.06
T-C-184,/product_images/image_row_0221.jpg,海氏海诺-零感薄 清透·致薄,无,盒,5.2,,10只/盒,=G221*F221,38,=J221*G221,6970016565524,0.06
T-C-185,/product_images/image_row_0222.jpg,海氏海诺-时久薄 白金尊享,无,盒,5.525,,10只/盒,=G222*F222,48,=J222*G222,6970016565555,0.06
T-C-186,/product_images/image_row_0223.jpg,海氏海诺-时久爱 黄金尊享,无,盒,5.525,,10只/盒,=G223*F223,48,=J223*G223,6970016565548,0.06
T-C-192,/product_images/image_row_0224.jpg,CD-彩蝶 超润滑(名流之夜),无,盒,2.47,,10只/盒,=G224*F224,28,=J224*G224,6970359065323,0.04
T-C-196,/product_images/image_row_0225.jpg,CD-蓝月亮 45°持久,无,盒,2.47,,10只/盒,=G225*F225,28,=J225*G225,6970359060915,0.045
T-C-200,/product_images/image_row_0226.jpg,CD-durcx至臻柔薄001 金PRO,无,盒,4.225,,12只/盒,=G226*F226,38,=J226*G226,6970359063619,0.052
T-C-201,/product_images/image_row_0227.jpg,CD-durcx持久耐时001 红PRO,无,盒,4.225,,12只/盒,=G227*F227,38,=J227*G227,6970359063619,0.052
T-C-202,/product_images/image_row_0228.jpg,CD-欧蕾斯 超薄激爽装,无,盒,4.225,,12只/盒,=G228*F228,38,=J228*G228,6970359061486,0.052
T-C-203,/product_images/image_row_0229.jpg,CD-欧蕾斯 时久颗粒,无,盒,4.225,,12只/盒,=G229*F229,38,=J229*G229,6970359061486,0.052
T-C-204,/product_images/image_row_0230.jpg,CD-欧蕾斯 敏感螺纹装,无,盒,4.225,,12只/盒,=G230*F230,38,=J230*G230,6970359063619,0.052
T-C-205,/product_images/image_row_0231.jpg,CD-欧蕾斯 劲薄情趣装,无,盒,4.225,,12只/盒,=G231*F231,38,=J231*G231,6970359063619,0.052
T-C-206,/product_images/image_row_0232.jpg,CD-durcx延时王 至薄幻隐60min,无,盒,1.365,,3只/盒,=G232*F232,28,=J232*G232,6970359061547,0.02
T-C-207,/product_images/image_row_0233.jpg,CD-durcx超薄 润Moisten金3只装,无,盒,1.365,,3只/盒,=G233*F233,28,=J233*G233,6970359064517,0.02
T-C-208,/product_images/image_row_0234.jpg,CD-durcx延时王 黄金持久90min,无,盒,1.365,,3只/盒,=G234*F234,28,=J234*G234,6970359064593,0.02
T-C-210,/product_images/image_row_0235.jpg,NOX-诺丝车震10只装 香橙螺纹（进口）,进口,盒,11.05,,10只/盒,=G235*F235,38,=J235*G235,4895074303081,0.05
T-C-211,/product_images/image_row_0236.jpg,NOX-诺丝浴罢不能10只装 香柠平面（进口）,进口,盒,11.05,,10只/盒,=G236*F236,38,=J236*G236,4895074303104,0.05
T-C-212,/product_images/image_row_0237.jpg,NOX-诺丝超霸持久6只装 平滑型6只（进口）,进口,盒,11.05,,6只/盒,=G237*F237,38,=J237*G237,4895074300974,0.04
T-C-213,/product_images/image_row_0238.jpg,NOX-诺丝超霸持久8只装 激爽狼牙（进口）,进口,盒,16.9,,8只/盒,=G238*F238,48,=J238*G238,4895074303319,0.05
T-C-214,/product_images/image_row_0239.jpg,NOX-诺丝惊喜10只装 混合型（进口）,进口,盒,8.45,,10只/盒,=G239*F239,35,=J239*G239,4895074302145,0.05
T-C-215,/product_images/image_row_0240.jpg,NOX-诺丝百变装10只装 混合型（进口）,进口,盒,8.45,,10只/盒,=G240*F240,35,=J240*G240,4895074301919,0.05
T-C-217,/product_images/image_row_0241.jpg,NOX-诺丝002超薄系列6只装 平面型,无,盒,16.9,,6只/盒,=G241*F241,48,=J241*G241,6970940050226,0.035
T-C-218,/product_images/image_row_0242.jpg,NOX-诺丝003超薄无感6只装 平面型(进口）,进口,盒,16.25,,6只/盒,=G242*F242,45,=J242*G242,4895074302541,0.035
T-C-219,/product_images/image_row_0243.jpg,NOX-诺丝003超霸持久3只装 平面型（进口）,进口,盒,7.15,,3只/盒,=G243*F243,30,=J243*G243,4895074303630,0.035
T-C-220,/product_images/image_row_0244.jpg,NOX-安全先生超霸持久2只装 平滑型（进口）,进口,盒,4.81,,2只/盒,=G244*F244,25,=J244*G244,4895074300325,0.035
T-C-221,/product_images/image_row_0245.jpg,NOX-诺丝超霸持久1只装（进口）,进口,盒,1.95,,1只/盒,=G245*F245,15,=J245*G245,4895074301896,0.02
T-C-222,/product_images/image_row_0246.jpg,NOX-诺丝003嫩薄玻尿酸1只装（尝鲜款）,赠品,盒,1.8525,,1只/盒,=G246*F246,15,=J246*G246,4895074303654,0.02
T-D-230,/product_images/image_row_0247.jpg,名流 天使小叶透明质酸50只装,无,盒,22.555,,50只/盒,=G247*F247,78,=J247*G247,6936296774285,0.25
T-D-231,/product_images/image_row_0248.jpg,名流 水多多玻尿酸50只装,无,盒,17.615,,50只/盒,=G248*F248,78,=J248*G248,6977568700014,0.25
T-D-232,/product_images/image_row_0249.jpg,名流之夜 超薄002玻尿酸50只装,无,盒,17.55,,50只/盒,=G249*F249,78,=J249*G249,6936296700093,0.25
T-D-233,/product_images/image_row_0250.jpg,名流之夜 超薄002玻尿酸100只装,无,盒,33.8,,100只/盒,=G250*F250,98,=J250*G250,6936296775794,0.45
T-D-234,/product_images/image_row_0251.jpg,名流之夜 唇的语 果味口交套100只装,无,盒,30.55,,100只/盒,=G251*F251,98,=J251*G251,6936296773905,0.3
T-D-235,/product_images/image_row_0252.jpg,大卫 恨天高玻尿酸100只装,无,盒,27.95,,100只/盒,=G252*F252,98,=J252*G252,6936296731585,0.45
T-D-236,/product_images/image_row_0253.jpg,okamoto-冈本聚氨酯避孕套-0.01 2片装,无,盒,37.115,,2只/盒,=G253*F253,80,=J253*G253,4547691783387,0.03
T-D-236.1,/product_images/image_row_0254.jpg,okamoto-冈本聚氨酯避孕套-0.01 5片装,无,盒,100.75,,5只/盒,=G254*F254,195,=J254*G254,4547691797568,0.04
T-D-236.2,/product_images/image_row_0255.jpg,okamoto-冈本聚氨酯避孕套-0.01 超润滑1片装,无,盒,19.175,,1只/盒,=G255*F255,35,=J255*G255,4547691788900,0.02
T-D-237,/product_images/image_row_0256.jpg,okamoto-冈本聚氨酯避孕套-0.01 超润滑 3片装,无,盒,55.9,,3只/盒,=G256*F256,120,=J256*G256,4547691791696,0.03
T-D-237.2,/product_images/image_row_0257.jpg,okamoto-冈本聚氨酯避孕套-0.01 超润滑 6片装,无,盒,115.7,,6只/盒,=G257*F257,225,=J257*G257,4547691797575,0.04
T-D-238,/product_images/image_row_0258.jpg,okamoto-冈本聚氨酯避孕套-0.02 2片装,无,盒,28.6,,2只/盒,=G258*F258,58,=J258*G258,4547691783783,0.03
T-D-238.1,/product_images/image_row_0259.jpg,okamoto-冈本聚氨酯避孕套-0.02 6片装,无,盒,94.25,,6只/盒,=G259*F259,168,=J259*G259,4547691702319,0.04
T-D-239,/product_images/image_row_0260.jpg,okamoto-冈本聚氨酯避孕套-0.02 超润滑 2片装,无,盒,28.6,,2只/盒,=G260*F260,58,=J260*G260,4547691788238,0.03
T-D-239.1,/product_images/image_row_0261.jpg,okamoto-冈本聚氨酯避孕套-0.02 超润滑 6片装,无,盒,94.25,,6只/盒,=G261*F261,168,=J261*G261,4547691788252,0.04
T-D-240,/product_images/image_row_0262.jpg,okamoto-冈本OK避孕套-0.03白金超薄 3片装,无,盒,27.17,,3只/盒,=G262*F262,55,=J262*G262,4547691439628,0.03
T-D-241,/product_images/image_row_0263.jpg,okamoto-冈本OK避孕套-0.03白金超薄 6片装,无,盒,44.85,,6只/盒,=G263*F263,99,=J263*G263,4547691656148,0.05
T-D-241.1,/product_images/image_row_0264.jpg,okamoto-冈本OK避孕套-0.03白金超薄 10片装,无,盒,83.2,,10只/盒,=G264*F264,149,=J264*G264,4547691439611,0.05
T-D-242,/product_images/image_row_0265.jpg,okamoto-冈本OK避孕套-0.03超润滑 3片装,无,盒,26.975,,3只/盒,=G265*F265,55,=J265*G265,4547691782366,0.03
T-D-243,/product_images/image_row_0266.jpg,okamoto-冈本OK避孕套-0.03超润滑 6片装,无,盒,49.4,,6只/盒,=G266*F266,99,=J266*G266,4547691782373,0.05
T-D-243.1,/product_images/image_row_0267.jpg,okamoto-冈本OK避孕套-0.03超润滑 10片装,无,盒,83.2,,10只/盒,=G267*F267,149,=J267*G267,4547691782380,0.05
T-D-244,/product_images/image_row_0268.jpg,okamoto-冈本OK避孕套-0.03黄金贴身超薄 2片装,无,盒,19.175,,2只/盒,=G268*F268,39,=J268*G268,4547691677877,0.03
T-D-245,/product_images/image_row_0269.jpg,okamoto-冈本OK避孕套-0.03黄金贴身超薄 6片装,无,盒,52.65,,6只/盒,=G269*F269,105,=J269*G269,4547691676757,0.05
T-D-245.1,/product_images/image_row_0270.jpg,okamoto-冈本OK避孕套-0.03黄金贴身超薄 10片装,无,盒,88.4,,10只/盒,=G270*F270,159,=J270*G270,4547691676764,0.05
T-D-246,/product_images/image_row_0271.jpg,okamoto-冈本OK避孕套-0.03贴身超滑 3片装,无,盒,29.12,,3只/盒,=G271*F271,59,=J271*G271,4547691796660,0.03
T-D-247,/product_images/image_row_0272.jpg,okamoto-冈本OK避孕套-0.03贴身超滑 6片装,无,盒,52.65,,6只/盒,=G272*F272,105,=J272*G272,4547691796677,0.05
T-D-247.1,/product_images/image_row_0273.jpg,okamoto-冈本OK避孕套-0.03贴身超滑 10片装,无,盒,88.4,,10只/盒,=G273*F273,159,=J273*G273,4547691796684,0.05
T-D-247.2,/product_images/image_row_0274.jpg,okamoto-冈本OK避孕套-TOKYO0.03 3片装,无,盒,31.2,,3只/盒,=G274*F274,55,=J274*G274,4547691801968,0.03
T-D-247.3,/product_images/image_row_0275.jpg,okamoto-冈本OK避孕套-TOKYO0.03 10片装,无,盒,78,,10只/盒,=G275*F275,139,=J275*G275,4547691801975,0.05
T-D-247.4,/product_images/image_row_0276.jpg,okamoto-冈本OK避孕套-0.03玻尿酸 2片装,无,盒,25.35,,2只/盒,=G276*F276,45,=J276*G276,4547691811868,0.03
T-D-247.5,/product_images/image_row_0277.jpg,okamoto-冈本OK避孕套-0.03玻尿酸 5片装,无,盒,55.25,,5只/盒,=G277*F277,99,=J277*G277,4547691811882,0.04
T-D-247.6,/product_images/image_row_0278.jpg,okamoto-冈本OK避孕套-0.03玻尿酸 10片装,无,盒,103.35,,10只/盒,=G278*F278,188,=J278*G278,4547691810779,0.05
T-D-248,/product_images/image_row_0279.jpg,okamoto-冈本避孕套-无感透薄 3片装,无,盒,12.35,,3只/盒,=G279*F279,25,=J279*G279,4547691770929,0.03
T-D-248.1,/product_images/image_row_0280.jpg,okamoto-冈本避孕套-无感超薄 8片装,无,盒,33.8,,8只/盒,=G280*F280,59,=J280*G280,4547691776471,0.05
T-D-249,/product_images/image_row_0281.jpg,okamoto-冈本避孕套-无感透薄 10片装,无,盒,37.375,,10只/盒,=G281*F281,75,=J281*G281,4547691770936,0.05
T-D-250,/product_images/image_row_0282.jpg,okamoto-冈本避孕套-超润滑透薄 3片装,无,盒,12.35,,3只/盒,=G282*F282,25,=J282*G282,4547691770967,0.03
T-D-251,/product_images/image_row_0283.jpg,okamoto-冈本避孕套-超润滑透薄 10片装,无,盒,39.325,,10只/盒,=G283*F283,79,=J283*G283,4547691770974,0.05
T-D-251.1,/product_images/image_row_0284.jpg,okamoto-冈本避孕套-冰感超薄 3片装,无,盒,16.25,,3只/盒,=G284*F284,29,=J284*G284,4547691770943,0.03
T-D-251.2,/product_images/image_row_0285.jpg,okamoto-冈本避孕套-冰感超薄 10片装,无,盒,47.45,,10只/盒,=G285*F285,85,=J285*G285,4547691770950,0.05
T-D-251.3,/product_images/image_row_0286.jpg,okamoto-冈本避孕套-粉润超薄 3片装,无,盒,14.3,,3只/盒,=G286*F286,25,=J286*G286,4547691810885,0.03
T-D-251.4,/product_images/image_row_0287.jpg,okamoto-冈本避孕套-粉润超薄 10片装,无,盒,42.25,,10只/盒,=G287*F287,75,=J287*G287,4547691810892,0.05
T-D-252,/product_images/image_row_0288.jpg,okamoto-冈本避孕套-质感超薄 3片装,无,盒,8.45,,3只/盒,=G288*F288,17,=J288*G288,4547691239082,0.03
T-D-252.1,/product_images/image_row_0289.jpg,okamoto-冈本避孕套-质感超薄 8片装,无,盒,22.75,,8只/盒,=G289*F289,39.9,=J289*G289,4547691732057,0.05
T-D-253,/product_images/image_row_0290.jpg,okamoto-冈本避孕套-质感超薄 10片装,无,盒,23.14,,10只/盒,=G290*F290,49,=J290*G290,4547691239099,0.05
T-D-254,/product_images/image_row_0291.jpg,okamoto-冈本避孕套-纯 3片装,无,盒,7.02,,3只/盒,=G291*F291,15,=J291*G291,4547691239129,0.03
T-D-254.1,/product_images/image_row_0292.jpg,okamoto-冈本避孕套-纯 6片装,无,盒,14.3,,6只/盒,=G292*F292,25,=J292*G292,4547691811592,0.04
T-D-255,/product_images/image_row_0293.jpg,okamoto-冈本避孕套-纯 10片装,无,盒,18.46,,10只/盒,=G293*F293,39,=J293*G293,4547691239136,0.05
T-D-256,/product_images/image_row_0294.jpg,okamoto-冈本避孕套-超润滑 3片装,无,盒,7.02,,3只/盒,=G294*F294,15,=J294*G294,4547691689696,0.03
T-D-256.1,/product_images/image_row_0295.jpg,okamoto-冈本避孕套-超润滑 8片装,无,盒,16.9,,8只/盒,=G295*F295,29.9,=J295*G295,4547691811585,0.04
T-D-257,/product_images/image_row_0296.jpg,okamoto-冈本避孕套-超润滑 10片装,无,盒,17.55,,10只/盒,=G296*F296,37,=J296*G296,4547691689702,0.05
T-D-257.1,/product_images/image_row_0297.jpg,okamoto-冈本避孕套-激薄 3片装,无,盒,10.725,,3只/盒,=G297*F297,19,=J297*G297,4547691689719,0.03
T-D-257.2,/product_images/image_row_0298.jpg,okamoto-冈本避孕套-激薄 10片装,无,盒,31.2,,10只/盒,=G298*F298,55,=J298*G298,4547691689726,0.05
T-D-258,/product_images/image_row_0299.jpg,okamoto-冈本避孕套-冰粒粒 3片装,无,盒,12.35,,3只/盒,=G299*F299,25,=J299*G299,4547691801098,0.03
T-D-259,/product_images/image_row_0300.jpg,okamoto-冈本避孕套-冰粒粒 10片装,无,盒,29.12,,10只/盒,=G300*F300,59,=J300*G300,4547691801081,0.05
T-D-260,/product_images/image_row_0301.jpg,okamoto-冈本避孕套-滑粒粒 3片装,无,盒,12.35,,3只/盒,=G301*F301,25,=J301*G301,4547691801111,0.03
T-D-261,/product_images/image_row_0302.jpg,okamoto-冈本避孕套-滑粒粒 10片装,无,盒,29.12,,10只/盒,=G302*F302,59,=J302*G302,4547691801104,0.05
T-D-262,/product_images/image_row_0303.jpg,okamoto-冈本避孕套-新润滑 5只装,无,盒,6.5,,5只/盒,=G303*F303,28,=J303*G303,4547691810182,0.04
T-D-262.1,/product_images/image_row_0304.jpg,okamoto-冈本避孕套-超薄 超润滑 14片装,无,盒,27.3,,14只/盒,=G304*F304,49,=J304*G304,6950428004705,0.05
T-D-263,/product_images/image_row_0305.jpg,okamoto-冈本避孕套-紧型 2只装,无,盒,5.525,,2只/盒,=G305*F305,28,=J305*G305,6950428004170,0.02
T-D-264,/product_images/image_row_0306.jpg,CD-彩蝶大油量（名流之夜加倍丝滑）,无,盒,1.105,,3只/盒,=G306*F306,20,=J306*G306,6970359065361,0.015
T-D-267,/product_images/image_row_0307.jpg,卡诺岛 光面,无,盒,1.235,,3只/盒,=G307*F307,18,=J307*G307,6941210306923,0.015
T-D-268,/product_images/image_row_0308.jpg,金状元三只装,无,盒,1.235,,3只/盒,=G308*F308,15,=J308*G308,6941210306947,0.015
T-D-272,/product_images/image_row_0309.jpg,满一贝 3D大颗粒威猛套（韦小宝3只装）,无,盒,1.235,,3只/盒,=G309*F309,18,=J309*G309,6971074611680,0.015
T-D-277,/product_images/image_row_0310.jpg,满一贝 玻尿酸10只装,无,盒,2.6,,10只/盒,=G310*F310,28,=J310*G310,6971074611659,0.04
T-D-278,/product_images/image_row_0311.jpg,满一贝 0.01套10只装,无,盒,2.6,,10只/盒,=G311*F311,28,=J311*G311,6971074611642,0.04
T-D-279,/product_images/image_row_0312.jpg,满一贝 狼牙套10只装,无,盒,2.6,,10只/盒,=G312*F312,28,=J312*G312,6971074611871,0.04
T-D-280,/product_images/image_row_0313.jpg,满一贝 玻尿酸3只装,无,盒,1.04,,3只/盒,=G313*F313,18,=J313*G313,6971074611673,0.015
T-D-281,/product_images/image_row_0314.jpg,满一贝 0.01套3只装,无,盒,1.04,,3只/盒,=G314*F314,18,=J314*G314,6971074611727,0.015
T-D-282,/product_images/image_row_0315.jpg,满一贝 狼牙套3只装,无,盒,1.04,,3只/盒,=G315*F315,18,=J315*G315,6971074611369,0.015
T-D-316,/product_images/image_row_0316.jpg,满一贝 1夜7次郎10只装,无,盒,3.51,,10只/盒,=G316*F316,28,=J316*G316,6971074611666,0.04
T-D-320,/product_images/image_row_0317.jpg,满一贝 O2零感氧气套10装,无,盒,3.51,,10只/盒,=G317*F317,28,=J317*G317,6971074612311,0.04
T-D-321,/product_images/image_row_0318.jpg,满一贝 O2零感氧气套3装,无,盒,1.365,,3只/盒,=G318*F318,18,=J318*G318,6971074611734,0.015
T-D-325,/product_images/image_row_0319.jpg,满一贝 柔珠套 瞬间增长3cm延时水溶套,无,盒,4.55,,11只/盒,=G319*F319,48,=J319*G319,6971074611857,0.055
T-D-326,/product_images/image_row_0320.jpg,QBJ-001超薄型10只装,无,盒,2.275,,10只/盒,=G320*F320,28,=J320*G320,6970359066375,0.04
T-D-327,/product_images/image_row_0321.jpg,QBJ-002超薄型10只装,无,盒,2.275,,10只/盒,=G321*F321,28,=J321*G321,6970359066368,0.04
T-D-328,/product_images/image_row_0322.jpg,QBJ-水多旺 倍滑10只装,无,盒,2.275,,10只/盒,=G322*F322,28,=J322*G322,6970359066382,0.04
T-D-329,/product_images/image_row_0323.jpg,QBJ-水多旺 致薄10只装,无,盒,2.275,,10只/盒,=G323*F323,28,=J323*G323,6970359066405,0.04
T-D-331,/product_images/image_row_0324.jpg,ALD-大胆爱吧LOVE高品质,无,盒,2.34,,5只/盒,=G324*F324,38,=J324*G324,6949402826747,0.028
T-D-332,/product_images/image_row_0325.jpg,ALD-AIR隐薄氧气套,无,盒,2.34,,5只/盒,=G325*F325,38,=J325*G325,6949402826723,0.028
T-D-333,/product_images/image_row_0326.jpg,ALD-隐feel超薄装,无,盒,2.34,,5只/盒,=G326*F326,38,=J326*G326,6949402826730,0.028
T-D-334,/product_images/image_row_0327.jpg,ALD-怡情自然久爱装,无,盒,2.34,,5只/盒,=G327*F327,38,=J327*G327,6949402826754,0.028
T-D-335,/product_images/image_row_0328.jpg,ALD-大胆爱吧LOVE高品质3只装,无,盒,1.17,,3只/盒,=G328*F328,25,=J328*G328,6949402826778,0.015
T-D-336,/product_images/image_row_0329.jpg,ALD-AIR隐薄氧气套3只装,无,盒,1.17,,3只/盒,=G329*F329,25,=J329*G329,6949402826761,0.015
T-D-337,/product_images/image_row_0330.jpg,ALD-隐feel超薄3只装,无,盒,1.17,,3只/盒,=G330*F330,25,=J330*G330,6949402826785,0.015
T-D-338,/product_images/image_row_0331.jpg,ALD-怡情自然久爱3只装,无,盒,1.17,,3只/盒,=G331*F331,25,=J331*G331,6949402826792,0.015
T-D-340,/product_images/image_row_0332.jpg,ALD-玻尿酸水润狼牙套,无,盒,2.3725,,5只/盒,=G332*F332,38,=J332*G332,6949402826648,0.03
T-D-341,/product_images/image_row_0333.jpg,ALD-热感狼牙套,无,盒,2.3725,,5只/盒,=G333*F333,38,=J333*G333,6949402826662,0.03
T-D-342,/product_images/image_row_0334.jpg,ALD-冰感狼牙套,无,盒,2.3725,,5只/盒,=G334*F334,38,=J334*G334,6949402826679,0.03
T-D-343,/product_images/image_row_0335.jpg,ALD-玻尿酸水润狼牙套3只装,无,盒,1.3,,3只/盒,=G335*F335,25,=J335*G335,6949402826655,0.018
T-D-344,/product_images/image_row_0336.jpg,ALD-热感狼牙套3只装,无,盒,1.3,,3只/盒,=G336*F336,25,=J336*G336,6949402826686,0.018
T-D-345,/product_images/image_row_0337.jpg,ALD-冰感狼牙套3只装,无,盒,1.3,,3只/盒,=G337*F337,25,=J337*G337,6949402826693,0.018
T-D-369,/product_images/image_row_0338.jpg,OLO-001男神套果冻盒3只黑盒,无,盒,2.6,,3只/盒,=G338*F338,18,=J338*G338,6970960521379,0.04
T-D-370,/product_images/image_row_0339.jpg,OLO-001女神热感套果冻盒3只红盒,无,盒,2.6,,3只/盒,=G339*F339,18,=J339*G339,6970960521386,0.04
T-D-371,/product_images/image_row_0340.jpg,OLO-Climax狼牙高潮套3只,无,盒,1.3975,,3只/盒,=G340*F340,18,=J340*G340,6970960520716,0.03
T-D-372,/product_images/image_row_0341.jpg,OLO-ZERO零感畅爽套3只,无,盒,1.3975,,3只/盒,=G341*F341,18,=J341*G341,6970960520402,0.03
T-D-373,/product_images/image_row_0342.jpg,OLO-Performa龟龙筋锁精套3只,无,盒,1.3975,,3只/盒,=G342*F342,18,=J342*G342,6970960520211,0.03
T-D-374,/product_images/image_row_0343.jpg,OLO-001男神套果冻盒10只黑盒,无,盒,7.15,,10只/盒,=G343*F343,35,=J343*G343,6970960520723,0.08
T-D-375,/product_images/image_row_0344.jpg,OLO-001女神套果冻盒10只红盒,无,盒,7.15,,10只/盒,=G344*F344,35,=J344*G344,6970960520730,0.08
T-D-390,/product_images/image_row_0345.jpg,DX-大象003超润薄1只装,无,盒,1.82,,1只/盒,=G345*F345,18,=J345*G345,6936406104612,0.03
T-D-391,/product_images/image_row_0346.jpg,DX-大象大颗粒动感刺激2只装,无,盒,3.2175,,2只/盒,=G346*F346,18,=J346*G346,6936406102717,0.03
T-D-392,/product_images/image_row_0347.jpg,DX-大象003高潮女生款2只装,无,盒,5.98,,2只/盒,=G347*F347,28,=J347*G347,6936406100027,0.03
T-D-395,/product_images/image_row_0348.jpg,DX-大象高潮女生快感增强液5度5只装,无,盒,13.26,,5支/盒,=G348*F348,98,=J348*G348,6936406101536,0.05
T-D-400,/product_images/image_row_0349.jpg,DX-大象哎呦果冻1只装,无,盒,4.16,,1只/盒,=G349*F349,18,=J349*G349,6936406105114,0.03
T-D-401,/product_images/image_row_0350.jpg,DX-大象高潮系列 水滑款1只装（升级款）,无,盒,3.575,,1只/盒,=G350*F350,18,=J350*G350,6936406104605,0.03
T-D-402,/product_images/image_row_0351.jpg,DX-大象高潮系列 玻尿酸超薄水润1只装,无,盒,2.86,,1只/盒,=G351*F351,18,=J351*G351,6936406106098,0.03
T-D-403,/product_images/image_row_0352.jpg,DX-大象激润款2只装,无,盒,2.275,,2只/盒,=G352*F352,18,=J352*G352,6936406104773,0.03
T-D-404,/product_images/image_row_0353.jpg,DX-大象肤感润薄3只装,无,盒,5.07,,3只/盒,=G353*F353,25,=J353*G353,6936406104841,0.03
T-D-405,/product_images/image_row_0354.jpg,DX-大象凸点大颗粒3只装,无,盒,5.2,,3只/盒,=G354*F354,25,=J354*G354,6936406104759,0.03
T-D-406,/product_images/image_row_0355.jpg,DX-大象自由系列 002款3只装（升级款）,无,盒,14.95,,3只/盒,=G355*F355,45,=J355*G355,6936406103097,0.03
T-D-407,/product_images/image_row_0356.jpg,DX-大象果冻系列 哎哟果冻款3只装,无,盒,16.25,,3只/盒,=G356*F356,49,=J356*G356,6936406104360,0.03
T-D-408,/product_images/image_row_0357.jpg,DX-大象高潮系列 水滑款3只装（升级款）,无,盒,14.95,,3只/盒,=G357*F357,45,=J357*G357,6936406104070,0.03
T-D-409,/product_images/image_row_0358.jpg,DX-大象樱嘤女生003超薄3只装,无,盒,9.62,,3只/盒,=G358*F358,29,=J358*G358,6936406103530,0.03
T-D-410,/product_images/image_row_0359.jpg,DX-大象樱嘤女生003超薄10只装,无,盒,29.4775,,10只/盒,=G359*F359,89,=J359*G359,6936406103547,0.05
T-D-412,/product_images/image_row_0360.jpg,DX-大象高潮系列 女生款7只装（升级款）,无,盒,22.88,,7只/盒,=G360*F360,69,=J360*G360,6936406103165,0.04
T-D-413,/product_images/image_row_0361.jpg,DX-大象高潮系列 青春女生3只装（升级款）,无,盒,7.6375,,3只/盒,=G361*F361,25,=J361*G361,6936406104117,0.03
T-D-414,/product_images/image_row_0362.jpg,DX-大象高潮系列 青春女生10只装（升级款）,无,盒,21.515,,10只/盒,=G362*F362,65,=J362*G362,6936406104124,0.05
T-D-415,/product_images/image_row_0363.jpg,DX-大象高潮女生系列 小颗粒2只装（升级款）,无,盒,8.645,,2只/盒,=G363*F363,26,=J363*G363,6936406103189,0.03
T-D-416,/product_images/image_row_0364.jpg,DX-大象高潮系列 炫金款2只装,无,盒,7.6375,,2只/盒,=G364*F364,25,=J364*G364,6936406100744,0.03
T-D-417,/product_images/image_row_0365.jpg,DX-大象无储薄款3只装（升级款）,无,盒,6.955,,3只/盒,=G365*F365,25,=J365*G365,6936406103257,0.03
T-D-418,/product_images/image_row_0366.jpg,DX-大象无储薄款10只装（升级款）,无,盒,19.565,,10只/盒,=G366*F366,59,=J366*G366,6936406103264,0.05
T-D-419,/product_images/image_row_0367.jpg,DX-大象幻久系列 幻久4V 3只装,无,盒,10.075,,3只/盒,=G367*F367,29,=J367*G367,6936406105084,0.03
T-D-420,/product_images/image_row_0368.jpg,DX-大象进口系列 幻薄款3只装,无,盒,5.59,,3只/盒,=G368*F368,25,=J368*G368,6936406101017,0.03
T-D-421,/product_images/image_row_0369.jpg,DX-大象情趣系列 幻薄款10只装（升级款）,无,盒,12.909,,10只/盒,=G369*F369,39,=J369*G369,6936406103431,0.05
T-D-422,/product_images/image_row_0370.jpg,DX-大象进口系列 大颗粒款3只装,无,盒,6.3635,,3只/盒,=G370*F370,25,=J370*G370,6936406101055,0.03
T-D-423,/product_images/image_row_0371.jpg,DX-大象情趣系列 大颗粒款10只装（升级款）,无,盒,16.25,,10只/盒,=G371*F371,49,=J371*G371,6936406103417,0.05
T-D-424,/product_images/image_row_0372.jpg,DX-大象情趣系列 大颗粒款3只装（升级款）,无,盒,5.6225,,3只/盒,=G372*F372,25,=J372*G372,6936406103400,0.03
T-D-425,/product_images/image_row_0373.jpg,DX-大象情趣系列 K纹款冰峰火巢3只装,无,盒,5.6225,,3只/盒,=G373*F373,25,=J373*G373,6936406101963,0.03
T-D-426,/product_images/image_row_0374.jpg,DX-大象情趣系列 K纹款冰峰火巢10只装,无,盒,15.2295,,10只/盒,=G374*F374,46,=J374*G374,6936406101925,0.05
T-D-427,/product_images/image_row_0375.jpg,DX-大象情趣系列 紧致款10只装（升级款）,无,盒,11.5895,,10只/盒,=G375*F375,35,=J375*G375,6936406103332,0.05
T-D-500,/product_images/image_row_0376.jpg,QY-玩爆潮品 抠指套 颗粒水晶套2只袋装,无,袋,1.04,,2只/袋,=G376*F376,9.9,=J376*G376,6922359306852,0.04
T-D-501,/product_images/image_row_0377.jpg,QY-取悦 抠指套 水晶2只装,无,盒,3.25,,2只/盒,=G377*F377,38,=J377*G377,6922359305060,0.04
T-D-502,/product_images/image_row_0378.jpg,QY-取悦 指尖抠指套 水晶套2只装,无,盒,3.575,,2只/盒,=G378*F378,38,=J378*G378,6922359305138,0.04
T-D-503,/product_images/image_row_0379.jpg,QY-取悦 魔法抠指套①,无,盒,4.225,,1只/盒,=G379*F379,48,=J379*G379,6922359305145,0.04
T-D-504,/product_images/image_row_0380.jpg,QY-取悦 激爽抠指套②,无,盒,4.225,,1只/盒,=G380*F380,48,=J380*G380,6922359305152,0.04
T-D-505,/product_images/image_row_0381.jpg,QY-取悦 激情抠指套③,无,盒,3.9,,1只/盒,=G381*F381,48,=J381*G381,6922359305169,0.04
T-D-506,/product_images/image_row_0382.jpg,QY-取悦 虎牙抠指套④,无,盒,3.9,,1只/盒,=G382*F382,48,=J382*G382,6922359305176,0.04
T-D-507,/product_images/image_row_0383.jpg,QY-取悦 狼牙抠指套⑤,无,盒,4.225,,1只/盒,=G383*F383,48,=J383*G383,6922359305183,0.04
T-D-508,/product_images/image_row_0384.jpg,QY-取悦 嗨豆抠指套 振动刺激水晶套,内含跳蛋,盒,11.7,,1只/盒,=G384*F384,48,=J384*G384,6922359305688,0.04
R-E-001,/product_images/image_row_0385.jpg,Durex-杜蕾斯爽滑快感情趣啫喱人体润滑液,无,瓶,34.45,,1瓶/盒,=G385*F385,59,=J385*G385,6923146102015,0.095
R-E-002,/product_images/image_row_0386.jpg,Durex-杜蕾斯激情热感情趣啫喱人体润滑液,无,瓶,38.35,,1瓶/盒,=G386*F386,65,=J386*G386,6923146103036,0.095
R-E-003,/product_images/image_row_0387.jpg,Durex-杜蕾斯怡情樱桃情趣啫喱人体润滑液50ml,无,瓶,38.35,,1瓶/盒,=G387*F387,65,=J387*G387,6923146107607,0.1
R-E-004,/product_images/image_row_0388.jpg,Durex-杜蕾斯甜诱草莓情趣啫喱人体润滑液50ml,无,瓶,38.35,,1瓶/盒,=G388*F388,65,=J388*G388,5052197019704,0.1
R-E-004.1,/product_images/image_row_0389.jpg,Durex-杜蕾斯真感丝滑润滑剂50ml,无,瓶,46.02,,1瓶/盒,=G389*F389,85,=J389*G389,5701092111449,0.1
R-E-004.2,/product_images/image_row_0390.jpg,Durex-杜蕾斯舒缓按摩油200ml,无,瓶,61.36,,1瓶/盒,=G390*F390,105,=J390*G390,5038483998663,0.1
R-E-005,/product_images/image_row_0391.jpg,Durex-杜蕾斯 K-Y人体润滑剂15g,无,瓶,17.55,,1瓶/盒,=G391*F391,38,=J391*G391,6932740900644,0.05
R-E-006,/product_images/image_row_0392.jpg,Durex-杜蕾斯 K-Y人体润滑剂50g,无,瓶,38.35,,1瓶/盒,=G392*F392,68,=J392*G392,5052197037654,0.1
R-E-007.1,/product_images/image_row_0393.jpg,XZL-果味人体润滑剂60ML 葡萄味,无,盒,7.02,,1瓶/盒,=G393*F393,68,=J393*G393,6928590103052,0.11
R-E-007.2,/product_images/image_row_0394.jpg,XZL-果味人体润滑剂60ML 哈密瓜味,无,盒,7.02,,1瓶/盒,=G394*F394,68,=J394*G394,6928590102055,0.11
R-E-007.3,/product_images/image_row_0395.jpg,XZL-果味人体润滑剂60ML 樱桃味,无,盒,7.02,,1瓶/盒,=G395*F395,68,=J395*G395,6928590101119,0.11
R-E-008,/product_images/image_row_0396.jpg,XZL-后庭冰感润滑啫喱120ml,无,盒,7.8,,1瓶/盒,=G396*F396,48,=J396*G396,6928590111033,0.17
R-E-009,/product_images/image_row_0397.jpg,XZL-后庭热感润滑啫喱120ml,无,盒,7.8,,1瓶/盒,=G397*F397,48,=J397*G397,6928590111088,0.17
R-E-010,/product_images/image_row_0398.jpg,XZL-透明质酸免洗润滑剂200ML,无,瓶,8.45,,1瓶/盒,=G398*F398,68,=J398*G398,6928590100112,0.26
R-E-011,/product_images/image_row_0399.jpg,XZL-樱花滋养精华润滑液,无,瓶,14.3,,1瓶/盒,=G399*F399,78,=J399*G399,6928590108095,0.31
R-E-012,/product_images/image_row_0400.jpg,XZL-仿真精液200ml,无,盒,7.8,,1瓶/盒,=G400*F400,68,=J400*G400,6928590100105,0.26
R-E-013,/product_images/image_row_0401.jpg,XZL-2倍透明质酸热感激情60ml,无,盒,5.85,,1瓶/盒,=G401*F401,58,=J401*G401,6928590169287,0.12
R-E-014,/product_images/image_row_0402.jpg,XZL-2倍透明质酸冰感爽滑60ml,无,盒,5.85,,1瓶/盒,=G402*F402,58,=J402*G402,6928590132328,0.12
R-E-015,/product_images/image_row_0403.jpg,独爱 极润20ml,无,盒,0.975,,1瓶/盒,=G403*F403,20,=J403*G403,6971341300552,0.03
R-E-016,/product_images/image_row_0404.jpg,独爱 四色润滑液60ml芦荟肌感 绿,无,盒,1.95,,1瓶/盒,=G404*F404,28,=J404*G404,6971341301115,0.075
R-E-016.1,/product_images/image_row_0405.jpg,独爱 四色润滑液60ml长效滋滑 紫,暂无,盒,1.95,,1瓶/盒,=G405*F405,28,=J405*G405,6971341301092,0.075
R-E-016.2,/product_images/image_row_0406.jpg,独爱 四色润滑液60ml草本配方 黑,暂无,盒,1.95,,1瓶/盒,=G406*F406,28,=J406*G406,6971341301122,0.075
R-E-016.3,/product_images/image_row_0407.jpg,独爱 四色润滑液60ml活力滋养 红,暂无,盒,1.95,,1瓶/盒,=G407*F407,28,=J407*G407,6971341301108,0.075
R-E-017,/product_images/image_row_0408.jpg,FERQU-水溶性人体润滑液20ml绿,无,盒,0.975,,1瓶/盒,=G408*F408,20,=J408*G408,6971212076715,0.03
R-E-018,/product_images/image_row_0409.jpg,FERQU-水溶性人体润滑液20ml红,无,盒,0.975,,1瓶/盒,=G409*F409,20,=J409*G409,6971212076722,0.03
R-E-019,/product_images/image_row_0410.jpg,DA-滋养芦荟人体润滑液,无,盒,9.1,,1瓶/盒,=G410*F410,68,=J410*G410,6971341300972,0.2
R-E-020,/product_images/image_row_0411.jpg,DA-女性快感增强液,无,盒,6.825,,1瓶/盒,=G411*F411,98,=J411*G411,6971341301160,0.055
R-E-021,/product_images/image_row_0412.jpg,DA-幻彩颗粒润滑油（倍润）白,无,瓶,7.15,,1瓶,=G412*F412,68,=J412*G412,6971341300798,0.3
R-E-021.1,/product_images/image_row_0413.jpg,DA-幻彩颗粒润滑油（热感）红,暂无,瓶,7.15,,1瓶,=G413*F413,68,=J413*G413,6971341300804,0.3
R-E-021.2,/product_images/image_row_0414.jpg,DA-幻彩颗粒润滑油（快感）蓝,暂无,瓶,7.15,,1瓶,=G414*F414,68,=J414*G414,6971341300811,0.3
R-E-023,/product_images/image_row_0415.jpg,FERQU-玻尿酸003水溶性人体润滑液60ml,无,盒,1.95,,1瓶/盒,=G415*F415,28,=J415*G415,6971212073806,0.1
R-E-024,/product_images/image_row_0416.jpg,FERQU-透明质酸003人体润滑液60ml,无,盒,1.95,,1瓶/盒,=G416*F416,28,=J416*G416,6971212073905,0.1
R-E-025,/product_images/image_row_0417.jpg,DA-極潤60ML人体润滑液,无,盒,1.3,,1瓶/盒,=G417*F417,28,=J417*G417,6971341300569,0.075
R-E-026,/product_images/image_row_0418.jpg,DA-芦荟精华人体润滑液,无,盒,24.7,,1瓶/盒,=G418*F418,78,=J418*G418,6971341300767,0.32
R-E-027,/product_images/image_row_0419.jpg,尚品人体润滑剂60ml,无,盒,2.73,,1瓶/盒,=G419*F419,28,=J419*G419,6954249600658,0.08
R-E-028,/product_images/image_row_0420.jpg,AKY-人体润滑液30ml,无,盒,0.91,,1瓶/盒,=G420*F420,25,=J420*G420,6971212072427,0.04
R-E-029,/product_images/image_row_0421.jpg,okamoto-冈本003 透明质酸钠润滑液6ml/袋（红）,无,袋,2.99,,1袋,=G421*F421,9.9,=J421*G421,4547691805706,0.01
R-E-029.1,/product_images/image_row_0422.jpg,okamoto-冈本003 透明质酸润滑液15ml,无,盒,13.975,,1瓶/盒,=G422*F422,24.9,=J422*G422,4547691783363,0.06
R-E-029.2,/product_images/image_row_0423.jpg,okamoto-冈本003 透明质酸润滑液60ml,无,盒,38.35,,1瓶/盒,=G423*F423,69,=J423*G423,4547691746610,0.13
R-E-030,/product_images/image_row_0424.jpg,okamoto-冈本 风感水溶性润滑剂 60ml,无,盒,27.95,,1瓶/盒,=G424*F424,49,=J424*G424,4547691810038,0.15
R-E-030.1,/product_images/image_row_0425.jpg,okamoto-冈本 林感水溶性润滑剂 60ml,无,盒,33.8,,1瓶/盒,=G425*F425,59,=J425*G425,4547691812346,0.15
R-E-030.2,/product_images/image_row_0426.jpg,okamoto-冈本 山感水溶性润滑剂 60ml,无,盒,33.8,,1瓶/盒,=G426*F426,59,=J426*G426,4547691812353,0.15
R-E-030.3,/product_images/image_row_0427.jpg,okamoto-冈本 火感水溶性润滑剂 60ml,无,盒,27.95,,1瓶/盒,=G427*F427,49,=J427*G427,4547691810021,0.15
R-E-032,/product_images/image_row_0428.jpg,XBS-龙吟 男士湿巾升级版,无,袋,0.91,,一张/袋,=G428*F428,20,=J428*G428,6971212073936,0.01
R-E-033,/product_images/image_row_0429.jpg,XBS-御龙 久战皇男士湿巾,无,袋,0.91,,一张/袋,=G429*F429,20,=J429*G429,6971212073899,0.01
R-E-034,/product_images/image_row_0430.jpg,CYT-宫廷延时 男士湿巾,无,袋,1.235,,1张/袋,=G430*F430,28,=J430*G430,6971212079914,0.01
R-E-035,/product_images/image_row_0431.jpg,CYT-延时王 男士湿巾,无,袋,1.235,,1张/袋,=G431*F431,28,=J431*G431,6971212079907,0.01
R-E-036,/product_images/image_row_0432.jpg,HB-黑豹Black Panther豹女郎 女用快感湿巾,无,袋,4.095,,2张/袋,=G432*F432,38,=J432*G432,6922218100416,0.02
R-E-037,/product_images/image_row_0433.jpg,YCG-龙吟 至尊液男士湿巾,无,袋,0.897,,1张/袋,=G433*F433,25,=J433*G433,6971212079891,0.01
R-E-038,/product_images/image_row_0434.jpg,YCG-龙吟 极乐水男士湿巾,无,袋,0.897,,1张/袋,=G434*F434,25,=J434*G434,6971212079884,0.01
R-E-040,/product_images/image_row_0435.jpg,XZL-莞式口娇水,无,盒,5.2,,8袋/盒,=G435*F435,68,=J435*G435,6972282508069,0.1
R-E-041,/product_images/image_row_0436.jpg,第6感 水漾系列 水润水溶性人体润滑剂 200ml,无,盒,12.025,,1瓶/盒,=G436*F436,28,=J436*G436,6932564454705,0.26
R-E-041.1,/product_images/image_row_0437.jpg,第6感 水漾系列水漾草莓味人体润滑剂200ml（RCML200-BC）,无,盒,9.75,,1瓶/盒,=G437*F437,48,=J437*G437,6932564457225,0.26
R-E-042,/product_images/image_row_0438.jpg,第6感 水啵啵诱惑水蜜桃水溶性人体润滑剂300ml,无,盒,13.52,,1瓶/盒,=G438*F438,38,=J438*G438,6932564453074,0.4
R-E-042.1,/product_images/image_row_0439.jpg,第6感 水啵啵水润快感水溶性人体润滑剂300ml（RDSL300-N）,无,瓶,12.09,,1瓶,=G439*F439,35,=J439*G439,6932564453050,0.4
R-E-043,/product_images/image_row_0440.jpg,杰士邦 水润快感情趣润滑剂50ml,无,盒,17.03,,1瓶/盒,=G440*F440,48,=J440*G440,6927099404004,0.1
R-E-044,/product_images/image_row_0441.jpg,杰士邦 冰爽快感情趣润滑剂50ml,无,盒,18.46,,1瓶/盒,=G441*F441,58,=J441*G441,6927099404066,0.1
R-E-045,/product_images/image_row_0442.jpg,杰士邦 火热快感情趣润滑剂50ml,无,盒,18.46,,1瓶/盒,=G442*F442,58,=J442*G442,6927099404097,0.1
R-E-046,/product_images/image_row_0443.jpg,杰士邦 零感玻尿酸润滑剂5ml（袋装）,无,袋,1.43,,1袋,=G443*F443,9,=J443*G443,6927099405889,0.05
R-E-047,/product_images/image_row_0444.jpg,杰士邦 零感玻尿酸润滑剂15ml,无,盒,8.515,,1瓶/盒,=G444*F444,38,=J444*G444,6927099407623,0.1
R-E-048,/product_images/image_row_0445.jpg,杰士邦 003玻尿酸人体润滑剂15mL,无,盒,12.61,,1瓶/盒,=G445*F445,38,=J445*G445,6973974742433,0.1
R-E-049,/product_images/image_row_0446.jpg,杰士邦 草莓果味润滑剂50ml,无,盒,21.06,,1瓶/盒,=G446*F446,59,=J446*G446,6973974742440,0.1
R-E-050,/product_images/image_row_0447.jpg,第6感 玻尿酸润滑剂50ml,无,盒,17.55,,1瓶/盒,=G447*F447,38,=J447*G447,6932564454576,0.1
R-E-051,/product_images/image_row_0448.jpg,Durex-杜蕾斯 欢潮女用快感液10ml,无,盒,76.7,,1瓶/盒,=G448*F448,158,=J448*G448,6932740900705,0.1
R-E-053,/product_images/image_row_0449.jpg,MINGLIU-名流 女性增感凝露热感15ml,无,盒,10.465,,1瓶/盒,=G449*F449,98,=J449*G449,6936296737181,0.2
R-E-054,/product_images/image_row_0450.jpg,杰士邦 外用延时巾经典款1片 铝膜装,无,袋,2.145,,1袋,=G450*F450,25,=J450*G450,6973974741405,0.008
R-E-054.1,/product_images/image_row_0451.jpg,杰士邦 外用延时膏黄金款1g(试用装)（JYSGHJS1）,无,袋,4.16,,1袋,=G451*F451,25,=J451*G451,6973974741870,0.008
R-E-054.2,/product_images/image_row_0452.jpg,杰士邦 外用延时巾劲爽款（试用装）（JYSSJJ）,无,袋,3.51,,1袋,=G452*F452,15,=J452*G452,6973974741399,0.008
R-E-055,/product_images/image_row_0453.jpg,杰士邦 醇香咖啡人体润滑液5mL*3颗（RKFJ15）,无,盒,11.7,,3颗/盒,=G453*F453,48,=J453*G453,6927099418315,0.05
R-E-056,/product_images/image_row_0454.jpg,杰士邦 躁动先生肆欲香水1.5ml试用装,无,盒,5.85,,1卡,=G454*F454,28,=J454*G454,6936337410738,0.03
R-E-056.1,/product_images/image_row_0455.jpg,杰士邦 纯欲小姐肆欲香水1.5ml试用装,无,盒,5.85,,1卡,=G455*F455,28,=J455*G455,6936337410721,0.03
R-E-057,/product_images/image_row_0456.jpg,杰士邦 果香彩虹人体润滑液5mL*7颗(RCHJ35),无,盒,21.125,,7颗/盒,=G456*F456,45,=J456*G456,6927099419619,0.05
R-E-057.1,/product_images/image_row_0457.jpg,杰士邦 女性快感增强凝露2ml,无,袋,1.95,,1袋,=G457*F457,15,=J457*G457,6927099414317,0.008
R-E-057.2,/product_images/image_row_0458.jpg,杰士邦 玫瑰臻萃人体润滑液5mL（RMGJ5）,无,袋,3.12,,5ml/袋,=G458*F458,18,=J458*G458,6927099417257,0.02
R-E-057.3,/product_images/image_row_0459.jpg,杰士邦 女性快感增强凝露15ml,无货,盒,52.325,,1瓶/盒,=G459*F459,199,=J459*G459,6927099408750,0.1
R-E-058,/product_images/image_row_0460.jpg,杰士邦 外用延时喷剂8ml,无,盒,64.35,,1瓶/盒,=G460*F460,199,=J460*G460,6973974741368,0.15
R-E-059,/product_images/image_row_0461.jpg,第6感 外用延时膏增强款PRO 1g（试用装）,无,盒,2.86,,1袋,=G461*F461,18,=J461*G461,6973974741801,0.008
R-E-059.1,/product_images/image_row_0462.jpg,第6感 水啵啵水润快感水溶性人体润滑剂5ml(RDSL5),无,袋,1.04,,5ml袋,=G462*F462,9,=J462*G462,6932564457096,0.008
R-E-060.1,/product_images/image_row_0463.jpg,第6感 外用延时巾 黑金款 1片 铝膜装（LYSSJAJD1）,无,袋,0.91,,1片袋,=G463*F463,15,=J463*G463,6973974742969,0.008
R-E-061,/product_images/image_row_0464.jpg,第6感 女性快感增强精华（超值款）30ml,无,盒,23.4,,1瓶/盒,=G464*F464,99,=J464*G464,6932564454439,0.1
R-E-061.1,/product_images/image_row_0465.jpg,第6感 口娇水(冰感可乐味)单支装(KKL10),无,袋,2.08,,1支,=G465*F465,18,=J465*G465,6932564456556,0.01
R-E-061.2,/product_images/image_row_0466.jpg,第6感 口娇水(火热草莓味)单支装(KCL10),无,袋,2.08,,1支,=G466*F466,18,=J466*G466,6932564456525,0.01
R-E-062,/product_images/image_row_0467.jpg,第6感 外用延时膏 经典款MAX 15g,无,盒,27.43,,1瓶/盒,=G467*F467,158,=J467*G467,6973974741733,0.05
R-E-063,/product_images/image_row_0468.jpg,第6感 外用延时喷剂 10mL,无,盒,16.25,,1瓶/盒,=G468*F468,99,=J468*G468,6973974749395,0.03
R-E-064,/product_images/image_row_0469.jpg,YS-男士延时喷剂（帝王版）,无,盒,9.0805,,1瓶/盒,=G469*F469,88,=J469*G469,6972651420084,0.07
R-E-067,/product_images/image_row_0470.jpg,YS-女用高潮液,无,盒,5.837,,1瓶/盒,=G470*F470,58,=J470*G470,6972651427182,0.055
R-E-070,/product_images/image_row_0471.jpg,JJH-猛战皇男士喷剂 金盒,无,盒,3.51,,1瓶/盒,=G471*F471,98,=J471*G471,6971212073981,0.04
R-E-071,/product_images/image_row_0472.jpg,JJH-猛战皇男士喷剂 红盒,无,盒,3.51,,1瓶/盒,=G472*F472,98,=J472*G472,6971212073974,0.04
R-E-073,/product_images/image_row_0473.jpg,AKY-久九皇 真の男立渤挺 男士日式喷剂,无,盒,3.51,,1瓶/盒,=G473*F473,98,=J473*G473,6971212075725,0.04
R-E-074,/product_images/image_row_0474.jpg,AKY-KVG勇戦 男士日式喷剂,无,盒,3.51,,1瓶/盒,=G474*F474,98,=J474*G474,6971212077484,0.04
R-E-075,/product_images/image_row_0475.jpg,AKY-久九皇勇戦 持続力 男士喷剂,无,盒,3.51,,1瓶/盒,=G475*F475,98,=J475*G475,6971212077897,0.04
R-E-077,/product_images/image_row_0476.jpg,AKY-草本神油男士喷剂10ml,无,盒,3.9,,1瓶/盒,=G476*F476,98,=J476*G476,6971212073523,0.035
R-E-080,/product_images/image_row_0477.jpg,AKY-日系外用延时喷剂黑臻版10ml,无,盒,4.745,,1瓶/盒,=G477*F477,98,=J477*G477,6971212074629,0.042
R-E-082,/product_images/image_row_0478.jpg,AKY-持続 绝伦の鬼 男士喷剂日式加强,无,盒,4.745,,1瓶/盒,=G478*F478,98,=J478*G478,6971212076456,0.042
R-E-083,/product_images/image_row_0479.jpg,AKY-草本神油 男士外用抑菌喷剂加强版,无,盒,4.745,,1瓶/盒,=G479*F479,98,=J479*G479,6971212078634,0.042
R-E-085,/product_images/image_row_0480.jpg,AKY-久九皇勇戦 自信 男士喷剂,无,盒,4.745,,1瓶/盒,=G480*F480,98,=J480*G480,6971212077910,0.042
R-E-087,/product_images/image_row_0481.jpg,CZY-硬男人 男士外用喷剂10ml,无,盒,5.525,,1瓶/盒,=G481*F481,118,=J481*G481,6975248661013,0.05
R-E-088,/product_images/image_row_0482.jpg,CZY-久战神 男士外用喷剂10ml,无,盒,5.525,,1瓶/盒,=G482*F482,118,=J482*G482,6971212073813,0.05
R-E-089,/product_images/image_row_0483.jpg,CZY-延时王 男士外用喷剂10ml,无,盒,5.525,,1瓶/盒,=G483*F483,118,=J483*G483,6971212073820,0.05
R-E-090,/product_images/image_row_0484.jpg,CZY-金枪不倒 男士外用喷剂10ml,无,盒,5.525,,1瓶/盒,=G484*F484,118,=J484*G484,6975248661242,0.05
R-E-091,/product_images/image_row_0485.jpg,CZY-啪啪油 男士外用喷剂10ml,无,盒,5.525,,1瓶/盒,=G485*F485,118,=J485*G485,6975248660993,0.05
R-E-092,/product_images/image_row_0486.jpg,XJL-帝王油,无,盒,4.875,,1瓶/盒,=G486*F486,78,=J486*G486,6970619600745,0.045
R-E-093,/product_images/image_row_0487.jpg,XJL-老虎油,无,盒,4.875,,1瓶/盒,=G487*F487,78,=J487*G487,6970619600745,0.045
R-E-094.1,/product_images/image_row_0488.jpg,AWK-黑魂舒缓快感胶囊 黑袋1粒,开肛急用,袋,1.69,,1粒/袋,=G488*F488,15,=J488*G488,6973872500852,0.01
R-E-094.2,/product_images/image_row_0489.jpg,AWK-黑魂火热快感胶囊 红袋1粒,开肛急用,袋,1.69,,1粒/袋,=G489*F489,15,=J489*G489,6973872500838,0.01
R-E-094.3,/product_images/image_row_0490.jpg,AWK-黑魂冰爽快感胶囊 蓝袋1粒,开肛急用,袋,1.69,,1粒/袋,=G490*F490,15,=J490*G490,6973872500845,0.01
R-E-094.4,/product_images/image_row_0491.jpg,AWK-黑魂 极润人体润滑液5g袋装,人体润滑,袋,0.13,,1袋,=G491*F491,9,=J491*G491,6973872500289,0.01
R-E-095.1,/product_images/image_row_0492.jpg,AWK-黑魂 黑色物语开肛缓痛初体验50ml,开肛缓痛,盒,2.99,,1瓶/盒,=G492*F492,38,=J492*G492,6973872500166,0.08
R-E-095.2,/product_images/image_row_0493.jpg,AWK-黑魂 黑色物语开肛缓痛初体验200ml,开肛缓痛,盒,5.33,,1瓶/盒,=G493*F493,65,=J493*G493,6973872500074,0.25
R-E-096,/product_images/image_row_0494.jpg,AWK-黑魂 兄弟汁仿精液浓稠拉丝200ml,润滑顺畅,瓶,5.33,,1瓶,=G494*F494,65,=J494*G494,6973872501101,0.25
R-E-097.1,/product_images/image_row_0495.jpg,AWK-黑魂 果味润滑液樱桃味200ml,果味润滑,盒,5.59,,1瓶/盒,=G495*F495,48,=J495*G495,6973872500814,0.25
R-E-097.2,/product_images/image_row_0496.jpg,AWK-黑魂 果味润滑液水蜜桃味200ml,果味润滑,盒,5.59,,1瓶/盒,=G496*F496,48,=J496*G496,6973872500821,0.25
R-E-097.3,/product_images/image_row_0497.jpg,AWK-黑魂 果味润滑液草莓味200ml,果味润滑,盒,5.59,,1瓶/盒,=G497*F497,48,=J497*G497,6973872500807,0.25
R-E-098,/product_images/image_row_0498.jpg,AWK-黑魂 仿精人体润滑液同志开肛200ml,开肛缓痛,盒,5.33,,1瓶/盒,=G498*F498,65,=J498*G498,6973872502818,0.25
R-E-099,/product_images/image_row_0499.jpg,AWK-黑魂 仿精液男性味润滑液200ml,仿精润滑,瓶,6.5,,1瓶,=G499*F499,65,=J499*G499,6973872500203,0.25
R-E-100,/product_images/image_row_0500.jpg,AWK-黑魂 速泄快感润滑夜30ml,快感液,盒,9.1,,1瓶/盒,=G500*F500,88,=J500*G500,6973872501774,0.1
R-E-101,/product_images/image_row_0501.jpg,AWK-黑魂 男款助兴润滑液400ml,助兴液,盒,21.45,,1瓶/盒,=G501*F501,99,=J501*G501,6973872501224,0.6
R-E-103,/product_images/image_row_0502.jpg,SY-征服者15ML,无,盒,9.685,,1瓶/盒,=G502*F502,158,=J502*G502,6933523201361,0.06
R-E-104,/product_images/image_row_0503.jpg,SY-王者荣耀喷剂20ML,无,盒,22.75,,1瓶/盒,=G503*F503,208,=J503*G503,6971779151757,0.15
R-E-105,/product_images/image_row_0504.jpg,SY-至尊红颜 女性本草神油,无,盒,6.5,,1瓶/盒,=G504*F504,138,=J504*G504,6973855941290,0.05
R-E-106,/product_images/image_row_0505.jpg,SY-耐时王 草本配方6ml,无,盒,3.38,,1瓶/盒,=G505*F505,98,=J505*G505,6973855941207,0.035
R-E-107,/product_images/image_row_0506.jpg,SY-久时久 抑菌喷剂6ml,无,盒,3.38,,1瓶/盒,=G506*F506,98,=J506*G506,6971779151030,0.035
R-E-108,/product_images/image_row_0507.jpg,SY-金骑士 男士外用喷剂6ml,无,盒,3.38,,1瓶/盒,=G507*F507,98,=J507*G507,6971779150071,0.035
R-E-109,/product_images/image_row_0508.jpg,SY-金枪王喷剂6ml,无,盒,3.38,,1瓶/盒,=G508*F508,98,=J508*G508,6971779150552,0.035
R-E-110,/product_images/image_row_0509.jpg,SY-久战金刚 男士抑菌喷剂10ml,无,盒,6.305,,1瓶/盒,=G509*F509,128,=J509*G509,6971779150033,0.05
R-E-111,/product_images/image_row_0510.jpg,SY-根力挺 男士抑菌喷剂10ml,无,盒,6.305,,1瓶/盒,=G510*F510,128,=J510*G510,6973855941337,0.05
R-E-112,/product_images/image_row_0511.jpg,SY-性霸100 男士抑菌喷剂10ml,无,盒,6.305,,1瓶/盒,=G511*F511,128,=J511*G511,6973855941351,0.05
R-E-113,/product_images/image_row_0512.jpg,SY-久硬双动力 男士抑菌喷剂10ml,无,盒,6.305,,1瓶/盒,=G512*F512,128,=J512*G512,6973855941320,0.05
R-E-114,/product_images/image_row_0513.jpg,SY-雄风猛男 男士抑菌喷剂10ml,无,盒,6.305,,1瓶/盒,=G513*F513,128,=J513*G513,6971779151450,0.05
R-E-116,/product_images/image_row_0514.jpg,SY-真功夫 男士外用喷剂6ml,无,盒,3.38,,1瓶/盒,=G514*F514,88,=J514*G514,6973855941122,0.035
R-E-117,/product_images/image_row_0515.jpg,SY-G点高潮 女士外用喷剂6ml,无,盒,3.38,,1瓶/盒,=G515*F515,88,=J515*G515,6971779152389,0.035
R-E-118,/product_images/image_row_0516.jpg,SY-硬男人 本草配方6ml,无,盒,3.38,,1瓶/盒,=G516*F516,88,=J516*G516,6973855941184,0.035
R-E-119,/product_images/image_row_0517.jpg,SY-999神油延时喷剂 女士加强款,无,盒,3.51,,1瓶/盒,=G517*F517,98,=J517*G517,6973855941245,0.035
R-E-120,/product_images/image_row_0518.jpg,SY-999神油延时喷剂 男士加强款,无,盒,3.51,,1瓶/盒,=G518*F518,98,=J518*G518,6971779151948,0.035
R-F-122,/product_images/image_row_0519.jpg,DA-延时喷剂（印度神油）,无,盒,7.475,,1瓶/盒,=G519*F519,88,=J519*G519,6971341304246,0.045
R-F-123,/product_images/image_row_0520.jpg,DA-伽拉陀男士喷剂,无,盒,13.325,,1瓶/盒,=G520*F520,88,=J520*G520,6971341302396,0.045
R-F-131,/product_images/image_row_0521.jpg,AKY-UNCLEYEAH蜂胶紧润丹抑菌液,无,盒,9.1,,10粒/盒,=G521*F521,98,=J521*G521,6971212072472,0.08
R-F-140,/product_images/image_row_0522.jpg,AKY-女用快感增强液15ml,无,盒,7.475,,1瓶/盒,=G522*F522,148,=J522*G522,6971212073363,0.11
R-F-141,/product_images/image_row_0523.jpg,AKY-XBS女性快感增强凝露（升级版）15ml,无,盒,4.55,,1瓶/盒,=G523*F523,98,=J523*G523,6971212072113,0.08
R-F-142,/product_images/image_row_0524.jpg,AKY-KVG壳春妇女性快感增强凝露15ml,无,盒,4.55,,1瓶/盒,=G524*F524,98,=J524*G524,6971212075008,0.08
R-F-143,/product_images/image_row_0525.jpg,AKY-XBS女性快感凝胶20ml,无,盒,2.08,,1瓶/盒,=G525*F525,78,=J525*G525,6971212071901,0.06
R-F-152,/product_images/image_row_0526.jpg,AKY-MAX MENS 男士劲能按摩膏60ml黑金版,无,盒,3.51,,1瓶/盒,=G526*F526,88,=J526*G526,6971212077262,0.11
R-F-153,/product_images/image_row_0527.jpg,AKY-MAX MENS 男士劲能按摩膏50ml蓝版,无,盒,3.51,,1瓶/盒,=G527*F527,88,=J527*G527,6971212077279,0.11
R-F-154,/product_images/image_row_0528.jpg,MizzZee-谜姬 后庭润滑液80ml,无,盒,9.3275,,1瓶/盒,=G528*F528,48,=J528*G528,6937486617788,0.15
R-F-156,/product_images/image_row_0529.jpg,MizzZee-谜姬 江东三姐妹润滑液 温润如玉200ml,无,盒,9.555,,1瓶/盒,=G529*F529,48,=J529*G529,6974408080480,0.27
R-F-157,/product_images/image_row_0530.jpg,MizzZee-谜姬 仿真润滑液 乳香200ml,无,瓶,5.2,,1瓶,=G530*F530,38,=J530*G530,6976309821162,0.27
R-F-158,/product_images/image_row_0531.jpg,MizzZee-谜姬 口娇水组合装情趣润滑6只装,无,盒,4.55,,6支/盒,=G531*F531,35,=J531*G531,6976309822138,0.1
R-F-160,/product_images/image_row_0532.jpg,CJ-川井 舒缓沁水润滑液60ml,60ml,盒,0.91,,1瓶/盒,=G532*F532,28,=J532*G532,6971341303577,0.09
R-F-161,/product_images/image_row_0533.jpg,CJ-川井 卡通女友人体润滑液100ml（泳の萝利）,100ML,瓶,3.51,,1瓶,=G533*F533,38,=J533*G533,6971341309517,0.15
R-F-161.2,/product_images/image_row_0534.jpg,CJ-川井 卡通女友人体润滑液100ml（初の恋）,100ML,瓶,3.51,,1瓶,=G534*F534,38,=J534*G534,6971341309500,0.15
R-F-161.3,/product_images/image_row_0535.jpg,CJ-川井 卡通女友人体润滑液100ml（熟の女）,100ML,瓶,3.51,,1瓶,=G535*F535,38,=J535*G535,6971341309524,0.15
R-F-162,/product_images/image_row_0536.jpg,CJ-川井 水蜜桃味角鲨烷润滑液300ml,300ML,瓶,6.37,,1瓶,=G536*F536,58,=J536*G536,6971341307056,0.4
R-F-163,/product_images/image_row_0537.jpg,CJ-川井 水蓝色蚕丝氨基酸润滑液300ml（日本）,300ML,瓶,6.175,,1瓶,=G537*F537,58,=J537*G537,6971341306103,0.4
R-F-164,/product_images/image_row_0538.jpg,CJ-川井 水解胶原蛋白人体润滑液500ml,500ml,瓶,6.63,,1瓶,=G538*F538,58,=J538*G538,6971341303782,0.6
R-F-165,/product_images/image_row_0539.jpg,CJ-川井 滋养丝素蛋白润滑液110ml（日本）,110ML,盒,18.85,,1瓶/盒,=G539*F539,78,=J539*G539,6971341306394,0.4
R-F-166,/product_images/image_row_0540.jpg,CJ-川井 日式冰火口爱液,10ml,盒,6.5,,10支/盒,=G540*F540,78,=J540*G540,6971341305236,0.15
R-F-167,/product_images/image_row_0541.jpg,CJ-川井 日式男性延时湿巾（十片装）,1ml,盒,4.225,,10片/盒,=G541*F541,38,=J541*G541,6971341304611,0.08
R-F-168,/product_images/image_row_0542.jpg,CJ-川井 泡壳纸卡延时喷剂5ml（白色）,5ml,盒,4.875,,1瓶/盒,=G542*F542,98,=J542*G542,6971341304840,0.07
R-F-169,/product_images/image_row_0543.jpg,CJ-川井 男性延时喷剂10ml,10ml,盒,5.525,,1瓶/盒,=G543*F543,78,=J543*G543,6971341309302,0.05
R-F-170,/product_images/image_row_0544.jpg,CJ-川井 男性外用延时喷剂金瓶（日本）,6ml,盒,9.75,,1瓶/盒,=G544*F544,98,=J544*G544,6971341304352,0.05
R-F-171,/product_images/image_row_0545.jpg,CJ-川井 男性外用延时喷剂蓝瓶（日本）,6ml,盒,9.75,,1瓶/盒,=G545*F545,98,=J545*G545,6971341306400,0.05
R-F-172,/product_images/image_row_0546.jpg,CJ-川井 日本森田女士凝胶快感液15ml,15ml,盒,12.025,,1瓶/盒,=G546*F546,98,=J546*G546,6971341307476,0.07
R-F-173,/product_images/image_row_0547.jpg,CJ-川井 XXL海绵体增大膏（黑金）,60g,盒,9.75,,1瓶/盒,=G547*F547,128,=J547*G547,6971341305250,0.1
R-F-174,/product_images/image_row_0548.jpg,CJ-川井 女性粉嫩滋养促感液20ml,20ML,盒,7.475,,1瓶/盒,=G548*F548,88,=J548*G548,6971341303638,0.12
R-F-175,/product_images/image_row_0549.jpg,CJ-川井 冰火女士凝胶促感液30ml,30ML,盒,10.075,,1瓶/盒,=G549*F549,98,=J549*G549,6971341304420,0.1
R-F-176,/product_images/image_row_0550.jpg,CJ-川井 私秘粉嫩促感液（银红）,30ML,盒,10.075,,1瓶/盒,=G550*F550,98,=J550*G550,6971341306462,0.15
R-F-177,/product_images/image_row_0551.jpg,CJ-川井 雪莲紧润丸,10粒,盒,12.35,,1瓶/盒,=G551*F551,98,=J551*G551,6971341308329,0.1
R-F-178,/product_images/image_row_0552.jpg,CJ-川井 女性快感液（袋装）,8ml,袋,0.3575,,1袋,=G552*F552,9,=J552*G552,6971341304543,0.01
R-F-179,/product_images/image_row_0553.jpg,CJ-川井 滋养丝素蛋白润滑液（袋装）,8ml,袋,0.13,,1袋,=G553*F553,9,=J553*G553,6971341304635,0.01
R-F-180,/product_images/image_row_0554.jpg,NAISC-耐氏 倍爱力外用延时喷剂,无,盒,9.1,,1瓶/盒,=G554*F554,128,=J554*G554,6971298380218,0.07
R-F-181,/product_images/image_row_0555.jpg,NAISC-耐氏 印度神油加强版,无,盒,9.425,,1瓶/盒,=G555*F555,128,=J555*G555,6971298380232,0.07
R-F-182,/product_images/image_row_0556.jpg,NAISC-耐氏 倍爱力男用喷剂蓝金版,无,盒,14.3,,1瓶/盒,=G556*F556,178,=J556*G556,6971298388894,0.1
R-F-183,/product_images/image_row_0557.jpg,NAISC-耐氏 倍爱力持久装外用植物延时片,无,盒,7.8,,12片/盒,=G557*F557,48,=J557*G557,6971298380225,0.05
R-F-187,/product_images/image_row_0558.jpg,OLO-仓井延迟喷雾喷剂5ml,无,盒,5.265,,1瓶/盒,=G558*F558,88,=J558*G558,6972748060407,0.05
R-F-192,/product_images/image_row_0559.jpg,WFT-印伽豹王喷剂 精华版,无,盒,6.695,,1瓶/盒,=G559*F559,78,=J559*G559,6954249601761,0.05
R-F-195,/product_images/image_row_0560.jpg,WFT-西域狼王,无,盒,19.5,,1瓶/盒,=G560*F560,199,=J560*G560,6954249600894,0.055
R-F-200,/product_images/image_row_0561.jpg,HB-勃鬼延时喷剂,无,盒,13.975,,1瓶/盒,=G561*F561,98,=J561*G561,6922218100362,0.1
R-F-210,/product_images/image_row_0562.jpg,安太医 外用延时巾1片（体验装）,无,盒,1.3,,1片袋,=G562*F562,9,=J562*G562,6924986309145,0.02
R-F-211,/product_images/image_row_0563.jpg,安太医 外用延时巾加强版 3片装,无,盒,6.5,,3片/盒,=G563*F563,39,=J563*G563,6924986300067,0.02
R-F-213,/product_images/image_row_0564.jpg,安太医 阳顶天十六味五子生阳膏2代,无,盒,69.875,,1瓶/盒,=G564*F564,499,=J564*G564,6924986300999,0.35
R-F-220,/product_images/image_row_0565.jpg,XZL-久神战帝男用抑菌喷剂,无,盒,26.65,,1瓶/盒,=G565*F565,159,=J565*G565,6928590190809,0.1
R-F-221,/product_images/image_row_0566.jpg,XZL-金狮男用抑菌喷剂,无,盒,11.7,,1瓶/盒,=G566*F566,98,=J566*G566,6928590133035,0.06
R-F-223,/product_images/image_row_0567.jpg,XZL-银杏叶精华提取女性快感增强液,无,盒,17.55,,1瓶/盒,=G567*F567,88,=J567*G567,6928590166583,0.19
R-F-224,/product_images/image_row_0568.jpg,安太医 三子本草外用延时膏2代 8克装,无,盒,26.65,,1瓶/盒,=G568*F568,99,=J568*G568,6924986300838,0.06
R-F-225,/product_images/image_row_0569.jpg,安太医 专延蛇阳通宝二代外用延时喷剂1ML（体验装）,无,盒,5.85,,1瓶/袋,=G569*F569,49,=J569*G569,6924986301200,0.02
R-F-226,/product_images/image_row_0570.jpg,安太医 专延蛇阳通宝二代外用延时喷剂1ml*8支装,无,盒,69.875,,8瓶/盒,=G570*F570,259,=J570*G570,6924986301002,0.2
R-F-228,/product_images/image_row_0571.jpg,安太医 三方十五味复方外用延时喷剂3ML（迷你版）,无,盒,27.82,,1瓶/盒,=G571*F571,198,=J571*G571,6924986300340,0.1
R-F-230,/product_images/image_row_0572.jpg,安太医 外用延时喷剂3ml(中式加强版),无,盒,15.405,,1瓶/盒,=G572*F572,99,=J572*G572,6924986300142,0.06
R-F-231,/product_images/image_row_0573.jpg,安太医 外用延时喷剂3ml(中式升级版),无,盒,15.925,,1瓶/盒,=G573*F573,99,=J573*G573,6924986300456,0.06
R-F-232,/product_images/image_row_0574.jpg,安太医 外用延时喷剂1ml(中式加强版),无,盒,5.85,,1瓶/盒,=G574*F574,78,=J574*G574,6924986302283,0.06
R-F-233,/product_images/image_row_0575.jpg,安太医 次抛精华跳跳女性快感增强液1支装（体验装）,无,盒,6.37,,1支/袋,=G575*F575,38,=J575*G575,6924986301026,0.02
R-F-234,/product_images/image_row_0576.jpg,安太医 次抛精华跳跳女性快感增强液,无,盒,18.85,,3支/盒,=G576*F576,198,=J576*G576,6924986301101,0.05
R-F-238,/product_images/image_row_0577.jpg,安太医 汉方水润次抛精华玻尿酸原液润滑剂2ML 1支（体验装）,无,盒,3.25,,1支/袋,=G577*F577,19,=J577*G577,6924986301057,0.02
R-F-241,/product_images/image_row_0578.jpg,HB-黑豹Black Panther精华素 助勃增粗精油,无,盒,42.25,,1瓶/盒,=G578*F578,198,=J578*G578,6922218100270,0.2
R-F-242,/product_images/image_row_0579.jpg,HB-黑豹Black Panther豹女郎 女用快感凝胶,无,盒,5.525,,1支/盒,=G579*F579,98,=J579*G579,6922218100522,0.06
R-F-243,/product_images/image_row_0580.jpg,HB-激夫 外用延时喷剂3ml,无,盒,10.075,,1瓶/盒,=G580*F580,98,=J580*G580,6922218100591,0.03
R-F-244,/product_images/image_row_0581.jpg,HB-黑豹Black Panther外用延时喷剂加强版1ml,试用装,盒,5.525,,1瓶/盒,=G581*F581,69,=J581*G581,6922218100423,0.02
R-F-245,/product_images/image_row_0582.jpg,HB-黑豹Black Panther外用延时巾12片装,无,盒,10.66,,12片/盒,=G582*F582,78,=J582*G582,6922218100331,0.05
R-F-246,/product_images/image_row_0583.jpg,HB-黑豹Black Panther外用延时喷剂（黑金版）,无,盒,10.725,,1瓶/盒,=G583*F583,108,=J583*G583,6922218100638,0.05
R-F-247,/product_images/image_row_0584.jpg,HB-黑豹Black Panther外用延时喷剂金装2ml,无,盒,17.225,,1瓶/盒,=G584*F584,199,=J584*G584,6922218100911,0.05
R-F-248,/product_images/image_row_0585.jpg,HB-黑豹Black Panther外用延时喷剂三代加强版,无,盒,46.8,,1瓶/盒,=G585*F585,299,=J585*G585,6922218100959,0.15
R-F-253,/product_images/image_row_0586.jpg,YCG-龙吟活力液男士增大增粗膏加强版,无,盒,8.45,,1瓶/盒,=G586*F586,278,=J586*G586,6971212076807,0.11
R-F-254,/product_images/image_row_0587.jpg,YCG-凤鸣添趣升华液女士快感助情液2代加强版,无,盒,8.45,,1瓶/盒,=G587*F587,278,=J587*G587,6971212076791,0.11
R-F-260,/product_images/image_row_0588.jpg,YCG-龙吟极乐水男士喷剂2.0加强版,无,盒,6.175,,1瓶/盒,=G588*F588,198,=J588*G588,6971212079723,0.05
R-F-261,/product_images/image_row_0589.jpg,YCG-龙吟至尊液男士喷剂臻藏版,无,盒,6.175,,1瓶/盒,=G589*F589,198,=J589*G589,6971212079730,0.05
R-F-280,/product_images/image_row_0590.jpg,YCG-龙吟 御龙液男士外用喷剂,无,盒,4.225,,1瓶/盒,=G590*F590,178,=J590*G590,6971212076074,0.035
R-F-281,/product_images/image_row_0591.jpg,YCG-凤鸣 水滴女用快感增强凝露,无,盒,4.225,,1瓶/盒,=G591*F591,178,=J591*G591,6971212078221,0.05
R-F-282,/product_images/image_row_0592.jpg,YCG-龙吟 NO.LY男士外用喷剂,无,盒,4.225,,1瓶/盒,=G592*F592,178,=J592*G592,6971212076081,0.035
R-F-283,/product_images/image_row_0593.jpg,YCG-御龙金枪男士外用喷剂,无,盒,4.225,,1瓶/盒,=G593*F593,178,=J593*G593,6971212076098,0.035
N-G-001,/product_images/image_row_0594.jpg,HQ-悦青春单跳蛋,7号电池2节,盒,5.265,,1个/盒,=G594*F594,58,=J594*G594,6939068900974,0.07
N-G-002,/product_images/image_row_0595.jpg,情趣双跳蛋,5号电池2节,盒,5.2,,1个/盒,=G595*F595,58,=J595*G595,6971858540335,0.09
N-G-004,/product_images/image_row_0596.jpg,QY-小怪兽手指振动舌,内含电子,盒,8.125,,1个/盒,=G596*F596,58,=J596*G596,6974013790057,0.06
N-G-006,/product_images/image_row_0597.jpg,LILO-海豚棒迷你跳蛋（塑封）,5池1节,盒,2.47,,1个/盒,=G597*F597,68,=J597*G597,6970556031169,0.05
N-G-007,/product_images/image_row_0598.jpg,LILO-口红跳蛋（塑封）,5池1节,盒,2.6,,1个/盒,=G598*F598,88,=J598*G598,6970556030179,0.05
N-G-008.1,/product_images/image_row_0599.jpg,LILO-情趣双跳蛋A 圆头震动吸允,USB直插,磨砂粉袋,6.825,,1个/袋,=G599*F599,68,=J599*G599,6970556032739,0.1
N-G-008.2,/product_images/image_row_0600.jpg,LILO-情趣双跳蛋B 吸允舌舔跳蛋,USB直插,磨砂粉袋,7.8,,1个/袋,=G600*F600,68,=J600*G600,6970556032722,0.1
N-G-008.3,/product_images/image_row_0601.jpg,LILO-情趣双跳蛋C 尖头震动吸允,USB直插,磨砂粉袋,7.8,,1个/袋,=G601*F601,68,=J601*G601,6970556032715,0.1
N-G-008.4,/product_images/image_row_0602.jpg,LILO-情趣双跳蛋D 尖圆双震动,USB直插,磨砂粉袋,6.5,,1个/袋,=G602*F602,68,=J602*G602,6970556032708,0.1
N-G-009,/product_images/image_row_0603.jpg,LILO-情趣震动棒 小龟棒,5池1节,袋,6.89,,1个/袋,=G603*F603,68,=J603*G603,6970556031923,0.09
N-G-010,/product_images/image_row_0604.jpg,LILO-震动棒长子弹头,7号电池2节,袋,7.02,,1个/袋,=G604*F604,68,=J604*G604,6970556032104,0.05
N-G-011,/product_images/image_row_0605.jpg,LILO-不倒翁震动按摩刺激AV棒,7号电池2节,盒,9.1,,1个/盒,=G605*F605,78,=J605*G605,6970556030704,0.1
N-G-012,/product_images/image_row_0606.jpg,LILO-吮吸熊震动迷你跳蛋,7号电池2节,盒,9.75,,1个/盒,=G606*F606,78,=J606*G606,6970556034641,0.1
N-G-013.1,/product_images/image_row_0607.jpg,LILO-点豆棒(单震)粉色,7号电池2节,盒,12.35,,1个/盒,=G607*F607,98,=J607*G607,6970556033811,0.1
N-G-013.2,/product_images/image_row_0608.jpg,LILO-点潮棒(双震)粉色,7号电池2节,盒,15.47,,1个/盒,=G608*F608,118,=J608*G608,6970556033804,0.1
N-G-014,/product_images/image_row_0609.jpg,LILO-小企鹅USB变频情趣跳蛋,USB充电,盒,16.575,,1个/盒,=G609*F609,128,=J609*G609,6970556031176,0.1
N-G-015,/product_images/image_row_0610.jpg,LILO-么么蛋10段变频跳蛋,内附USB充电线,盒,16.575,,1个/盒,=G610*F610,128,=J610*G610,6970556030308,0.1
N-G-016,/product_images/image_row_0611.jpg,LILO-小妮子穿戴樱花粉APP远程跳蛋,内附USB充电线,盒,20.735,,1个/盒,=G611*F611,128,=J611*G611,6970556034757,0.1
N-G-017,/product_images/image_row_0612.jpg,LILO-来芬吮吸舌舔震动情趣跳蛋,USB充电,盒,22.425,,1个/盒,=G612*F612,128,=J612*G612,6970556033415,0.1
N-G-018.1,/product_images/image_row_0613.jpg,LILO-小话筒AV震动棒樱花粉USB款,内附USB充电线,盒,23.075,,1个/盒,=G613*F613,178,=J613*G613,6970556031091,0.4
N-G-018.2,/product_images/image_row_0614.jpg,LILO-爱神双头震动AV棒,内附USB充电线,盒,24.83,,1个/盒,=G614*F614,198,=J614*G614,6970556030513,0.3
N-G-019,/product_images/image_row_0615.jpg,LILO-米罗AV棒粉樱花粉USB款,内附USB充电线,盒,27.17,,1个/盒,=G615*F615,178,=J615*G615,6970556034931,0.177489177489178
N-G-020,/product_images/image_row_0616.jpg,亚优 潮吹跳蛋,5号电池2节,盒,8.45,,1个/盒,=G616*F616,68,=J616*G616,6972453093370,0.1
N-G-021,/product_images/image_row_0617.jpg,亚优 罗马小钢炮,5号电池2节,盒,10.4,,1个/盒,=G617*F617,78,=J617*G617,6972453098320,0.14
N-G-023,/product_images/image_row_0618.jpg,YY-双跳蛋,5号电池2节,盒,5.603,,1个/盒,=G618*F618,68,=J618*G618,6972453097040,0.09
N-G-024,/product_images/image_row_0619.jpg,YY-霸王阳具 肉色,5号电池2节,盒,10.66,,1个/盒,=G619*F619,98,=J619*G619,6972453092311,0.24
N-G-025,/product_images/image_row_0620.jpg,YY-霸王阳具 黑色,5号电池2节,盒,10.66,,1个/盒,=G620*F620,98,=J620*G620,6972453098900,0.24
N-G-028,/product_images/image_row_0621.jpg,YY-妩媚跳蛋,7号电池2节,盒,10.66,,1个/盒,=G621*F621,217,=J621*G621,6972453093387,0.1
N-G-029,/product_images/image_row_0622.jpg,LILO-小贝壳 变频遥控跳蛋,7号电池2节,盒,5.46,,1个/盒,=G622*F622,78,=J622*G622,6970556030384,0.1
N-G-030,/product_images/image_row_0623.jpg,LILO-卡通舌舔猪 电池款,内含纽扣电池,盒,12.74,,1个/盒,=G623*F623,98,=J623*G623,6970556031428,0.1
N-G-031,/product_images/image_row_0624.jpg,LILO-萌宠甜甜猪 舌舔狂撩充电版,内附USB充电线,盒,15.47,,1个/盒,=G624*F624,98,=J624*G624,6970556034795,0.1
N-G-032,/product_images/image_row_0625.jpg,LILO-逗豆蛋 12频吸吮舌舔双跳蛋,USB直插,盒,14.43,,1个/盒,=G625*F625,98,=J625*G625,6970556031213,0.1
N-G-033,/product_images/image_row_0626.jpg,LILO-初芯 变频女用AV振动棒,7号电池2节,盒,13.78,,1个/盒,=G626*F626,118,=J626*G626,6970556030131,0.15
N-G-034,/product_images/image_row_0627.jpg,LILO-甜心AV棒 10频震动片场同款,内附USB充电线,盒,16.64,,1个/盒,=G627*F627,128,=J627*G627,6970556031145,0.15
N-G-035,/product_images/image_row_0628.jpg,LILO-萌宠小海马 高潮吸吮棒,USB充电,盒,17.29,,1个/盒,=G628*F628,138,=J628*G628,6970556030087,0.1
N-G-036,/product_images/image_row_0629.jpg,LILO-萌宠拉拉熊 10档震动调频跳蛋,内附USB充电线,盒,19.89,,1个/盒,=G629*F629,148,=J629*G629,6970556032746,0.1
N-G-037,/product_images/image_row_0630.jpg,LILO-萌宠恰恰狗 10档舌舔调频跳蛋,内附USB充电线,盒,20.93,,1个/盒,=G630*F630,158,=J630*G630,6970556032760,0.1
N-G-038,/product_images/image_row_0631.jpg,LILO-萌宠象 10段调频硅胶跳蛋,内附USB充电线,盒,22.1,,1个/盒,=G631*F631,158,=J631*G631,6970556031473,0.1
N-G-039,/product_images/image_row_0632.jpg,LILO-萌宠鹿 10段调频硅胶跳蛋,内附USB充电线,盒,22.1,,1个/盒,=G632*F632,158,=J632*G632,6970556031466,0.1
N-G-040,/product_images/image_row_0633.jpg,LILO-萌宠兔 10段调频硅胶跳蛋,内附USB充电线,盒,22.1,,1个/盒,=G633*F633,158,=J633*G633,6970556031459,0.1
N-G-041,/product_images/image_row_0634.jpg,LILO-贝丝 无线遥控变频跳蛋,内附USB充电线,盒,22.88,,1个/盒,=G634*F634,168,=J634*G634,6970556032883,0.1
N-G-042,/product_images/image_row_0635.jpg,LILO-角斗士APP版 远程控制跳蛋,7号电池2节,盒,19.11,,1个/盒,=G635*F635,168,=J635*G635,6970556031534,0.1
N-G-043,/product_images/image_row_0636.jpg,LILO-梦露 10频震动G点吸允冲击棒,内附USB充电线,盒,43.55,,1个/盒,=G636*F636,218,=J636*G636,6970556033002,0.3
N-G-044,/product_images/image_row_0637.jpg,LILO-棒球棒 加温伸缩震动舌舔仿真阳具棒,内附USB充电线,盒,79.3,,1个/盒,=G637*F637,199,=J637*G637,6970556032203,1
N-G-045,/product_images/image_row_0638.jpg,QY-取悦 欢乐棒 振动按摩龟头棒,5号电池1节,盒,6.825,,1个/盒,=G638*F638,78,=J638*G638,6922359304056,0.1
N-G-046,/product_images/image_row_0639.jpg,QY-取悦 花鼠跳蛋 玫红,7号电池3节,盒,21.255,,1个/盒,=G639*F639,98,=J639*G639,6922359300720,0.1
N-G-047,/product_images/image_row_0640.jpg,FERQU-MY-955欢爱共振跳蛋,7号电池2节,盒,16.9,,1个/盒,=G640*F640,118,=J640*G640,6975624820355,0.1
N-G-048,/product_images/image_row_0641.jpg,QY-取悦 双蛟龙 同性后庭透明水晶阳具,无,盒,26,,1个/盒,=G641*F641,158,=J641*G641,6922359304704,0.45
N-G-049,/product_images/image_row_0642.jpg,QY-取悦 聚元按摩器L 前列腺刺激肛塞,无,盒,14.95,,1个/盒,=G642*F642,98,=J642*G642,6922359300911,0.15
N-G-050,/product_images/image_row_0643.jpg,FQ-10频震动贝壳跳蛋,7号电池2节,盒,7.085,,1个/盒,=G643*F643,88,=J643*G643,6975624820386,0.1
N-G-051,/product_images/image_row_0644.jpg,FQ-12频震动尖叫跳蛋,7号电池2节,盒,7.8,,1个/盒,=G644*F644,98,=J644*G644,6975624820393,0.1
N-G-052,/product_images/image_row_0645.jpg,FQ-10频震动小蛮腰跳蛋,7号电池2节,盒,5.98,,1个/盒,=G645*F645,78,=J645*G645,6975624820409,0.1
N-G-053,/product_images/image_row_0646.jpg,FQ-旋风G点跳蛋,7号电池2节,盒,5.525,,1个/盒,=G646*F646,78,=J646*G646,6975624820416,0.1
N-G-054,/product_images/image_row_0647.jpg,MH-尚感 吮吸小绅士硅胶震动棒,USB充电,盒,18.46,,1个/盒,=G647*F647,128,=J647*G647,6970953722080,0.15
N-G-055,/product_images/image_row_0648.jpg,MH-尚感 吮吸舌舔章鱼按摩棒,内附USB充电线,盒,34.775,,1个/盒,=G648*F648,158,=J648*G648,6970953720963,0.25
N-G-056,/product_images/image_row_0649.jpg,MH-尚感 豪华版小贝壳防水跳蛋,7号电池2节,盒,11.375,,1个/盒,=G649*F649,78,=J649*G649,6970953720338,0.1
N-G-057,/product_images/image_row_0650.jpg,MH-尚感 潮猫吸吮尖头双跳蛋,USB直插,盒,13,,1个/盒,=G650*F650,128,=J650*G650,6970953720468,0.1
N-G-058,/product_images/image_row_0651.jpg,MH-尚感 焕彩双头震动硅胶AV棒 智能加热,内附USB充电线,盒,33.02,,1个/盒,=G651*F651,248,=J651*G651,6970953720680,0.35
N-G-059,/product_images/image_row_0652.jpg,MH-尚感 焕趣AV棒 12频硅胶超强震动,内附USB充电线,盒,19.5,,1个/盒,=G652*F652,198,=J652*G652,6970953720406,0.25
N-G-060,/product_images/image_row_0653.jpg,MH-尚感 焕然无线跳蛋,内附USB充电线,盒,32.5,,1个/盒,=G653*F653,168,=J653*G653,6970953720390,0.2
N-G-061,/product_images/image_row_0654.jpg,MH-尚感 香水瓶无线跳蛋,内附USB充电线,盒,29.25,,1个/盒,=G654*F654,168,=J654*G654,6970953720345,0.2
N-G-062,/product_images/image_row_0655.jpg,MH-尚感 金手指单头震动棒,内附USB充电线,盒,23.53,,1个/盒,=G655*F655,218,=J655*G655,6970953721076,0.15
N-G-063,/product_images/image_row_0656.jpg,MH-尚感 金手指G点双头震动棒 智能加温,内附USB充电线,盒,30.55,,1个/盒,=G656*F656,218,=J656*G656,6970953721311,0.2
N-G-064,/product_images/image_row_0657.jpg,MH-尚感 流氓兔无线G点跳蛋,内附USB充电线,盒,24.05,,1个/盒,=G657*F657,198,=J657*G657,6970953721052,0.2
N-G-065,/product_images/image_row_0658.jpg,MH-尚感 卡通KT猫舌舔跳蛋,内附USB充电线,盒,19.89,,1个/盒,=G658*F658,168,=J658*G658,6970953720352,0.2
N-G-066,/product_images/image_row_0659.jpg,MH-尚感 谜彩震动棒双头12段调频G点兔子震动,内附USB充电线,盒,32.5,,1个/盒,=G659*F659,218,=J659*G659,6970953722134,0.3
N-G-068,/product_images/image_row_0660.jpg,MH-尚感 谜娜震动棒头部震动G点吸吮,内附USB充电线,盒,37.05,,1个/盒,=G660*F660,218,=J660*G660,6970953723148,0.3
N-G-069,/product_images/image_row_0661.jpg,MH-海豚跳蛋,5池1节,盒,3.51,,1个/盒,=G661*F661,58,=J661*G661,6970953720017,0.07
N-G-070,/product_images/image_row_0662.jpg,MH-小蛮腰单频跳蛋 酒店定制,7号电池2节,盒,3.9,,1个/盒,=G662*F662,38,=J662*G662,6970953720000,0.1
N-G-071,/product_images/image_row_0663.jpg,MH-小阳具G点棒,5号电池1节,盒,5.98,,1个/盒,=G663*F663,58,=J663*G663,6977122286688,0.07
N-G-072,/product_images/image_row_0664.jpg,MH-尚感 魅影无线跳蛋,7号电池2节,盒,5.85,,1个/盒,=G664*F664,58,=J664*G664,6970953722165,0.07
N-G-073,/product_images/image_row_0665.jpg,QY-取悦 修罗斗士 独龙猛钻135mm,无,盒,17.55,,1个/盒,=G665*F665,148,=J665*G665,6922359301154,0.25
N-G-074,/product_images/image_row_0666.jpg,QY-取悦 修罗斗士 精悍干探165mm,无,盒,22.1,,1个/盒,=G666*F666,178,=J666*G666,6922359301192,0.3
N-G-076,/product_images/image_row_0667.jpg,MH-萌宠跳蛋,7号电池2节,盒,6.37,,1个/盒,=G667*F667,58,=J667*G667,6972099918082,0.1
N-G-078,/product_images/image_row_0668.jpg,MH-萝卜跳蛋,7号电池2节,盒,9.1,,1个/盒,=G668*F668,78,=J668*G668,6972099918181,0.1
N-G-079,/product_images/image_row_0669.jpg,MH-蜜豆振动棒,7号电池2节,盒,13.65,,1个/盒,=G669*F669,148,=J669*G669,6970953720055,0.12
N-G-081,/product_images/image_row_0670.jpg,QY-取悦 狙击炮阳具 水晶吸盘158mm,无,盒,18.85,,1个/盒,=G670*F670,178,=J670*G670,6922359305121,0.3
N-G-082,/product_images/image_row_0671.jpg,QY-取悦 火箭炮阳具 龙骨水晶吸盘180mm,无,盒,32.5,,1个/盒,=G671*F671,198,=J671*G671,6922359305114,0.35
N-G-083,/product_images/image_row_0672.jpg,FERQU-羞羞震动棒,5号电池1节,盒,8.125,,1个/盒,=G672*F672,98,=J672*G672,6975624821949,0.1
N-G-084,/product_images/image_row_0673.jpg,FERQU-欢乐AV棒,7号电池2节,盒,14.17,,1个/盒,=G673*F673,168,=J673*G673,6975624821956,0.15
N-G-085,/product_images/image_row_0674.jpg,FERQU-蜜豆震动棒,7号电池2节,盒,14.17,,1个/盒,=G674*F674,168,=J674*G674,6975624821963,0.15
N-G-086,/product_images/image_row_0675.jpg,HQ-梦潮吟 龟头跳蛋,7号电池3节,盒,12.025,,1个/盒,=G675*F675,58,=J675*G675,6939068993334,0.1
N-G-087,/product_images/image_row_0676.jpg,HQ-梦潮吟 硅胶跳蛋,7号电池3节,盒,12.025,,1个/盒,=G676*F676,68,=J676*G676,6939068962019,0.1
N-G-088,/product_images/image_row_0677.jpg,HQ-梦潮吟 舌舔硅胶跳蛋,7号电池3节,盒,14.17,,1个/盒,=G677*F677,88,=J677*G677,6939068988668,0.1
N-G-089,/product_images/image_row_0678.jpg,HQ-奶瓶AV棒,7号电池2节,盒,14.885,,1个/盒,=G678*F678,88,=J678*G678,6939068942301,0.1
N-G-090,/product_images/image_row_0679.jpg,FERQU-MY-945萌宠蘑菇震动棒,7号电池2节,盒,11.05,,1个/盒,=G679*F679,159,=J679*G679,6975624820348,0.1
N-G-091,/product_images/image_row_0680.jpg,FERQU-MY-946萌宠云朵震动棒,7号电池2节,盒,16.9,,1个/盒,=G680*F680,178,=J680*G680,6974470560095,0.1
N-G-092,/product_images/image_row_0681.jpg,FERQU-MY-947极爱龙须AV棒,7号电池2节,盒,22.1,,1个/盒,=G681*F681,249,=J681*G681,6939068905689,0.11
N-G-093,/product_images/image_row_0682.jpg,FERQU-MY-949萌宠爱兔震动棒,7号电池2节,盒,16.9,,1个/盒,=G682*F682,178,=J682*G682,6974470560101,0.1
N-G-094,/product_images/image_row_0683.jpg,FERQU-MY-950享欲旋震AV棒,7号电池2节,盒,25.025,,1个/盒,=G683*F683,258,=J683*G683,6939068901254,0.11
N-G-095,/product_images/image_row_0684.jpg,FERQU-MY-963魅吟极潮神笔,7号电池2节,盒,24.7,,1个/盒,=G684*F684,298,=J684*G684,6939068903661,0.15
N-G-096,/product_images/image_row_0685.jpg,FERQU-霸王鞭 吸盘阳具,无,盒,12.35,,1个/盒,=G685*F685,178,=J685*G685,6975624820263,0.3
N-G-097,/product_images/image_row_0686.jpg,FERQU-擎天柱 遥控震动吸盘阳具,5号电池2节,盒,15.925,,1个/盒,=G686*F686,198,=J686*G686,6975624820256,0.35
N-H-098,/product_images/image_row_0687.jpg,HQ-迷你情郎仿真AV震动棒894,7号电池2节,盒,20.15,,1个/盒,=G687*F687,158,=J687*G687,6939068900202,0.15
N-H-099,/product_images/image_row_0688.jpg,HQ-迷你小精灵环纹震动棒895,7号电池2节,盒,20.15,,1个/盒,=G688*F688,158,=J688*G688,6939068924468,0.16
N-H-100,/product_images/image_row_0689.jpg,HQ-双控麻跳双跳蛋,5号电池3节,盒,7.41,,1个/盒,=G689*F689,58,=J689*G689,6939068900615,0.14
N-H-102,/product_images/image_row_0690.jpg,三十频硅胶振动棒,7号电池2节,盒,22.425,,1个/盒,=G690*F690,158,=J690*G690,6939068900424,0.16
N-H-103,/product_images/image_row_0691.jpg,AV单震棒,7号电池2节,盒,20.8,,1个/盒,=G691*F691,158,=J691*G691,6939068900097,0.15
N-H-104,/product_images/image_row_0692.jpg,震动魔舌,7号电池2节,盒,23.4,,1个/盒,=G692*F692,168,=J692*G692,6939068900103,0.12
N-H-105,/product_images/image_row_0693.jpg,HQ-30频潮水AV棒,7号电池2节,盒,17.55,,1个/盒,=G693*F693,158,=J693*G693,6939068900288,0.12
N-H-106,/product_images/image_row_0694.jpg,HQ-双震仿真振动棒,7号电池2节,盒,38.35,,1个/盒,=G694*F694,198,=J694*G694,6939068900240,0.18
N-H-107,/product_images/image_row_0695.jpg,HQ-单震弯头振动棒,7号电池2节,盒,35.1,,1个/盒,=G695*F695,188,=J695*G695,6939068900318,0.18
N-H-108,/product_images/image_row_0696.jpg,HQ-震动长舌充电板,USB充电,盒,38.35,,1个/盒,=G696*F696,198,=J696*G696,6939068900349,0.2
N-H-109,/product_images/image_row_0697.jpg,HQ-旋转舌头,USB充电,盒,65,,1个/盒,=G697*F697,218,=J697*G697,6939068900219,0.25
N-H-110,/product_images/image_row_0698.jpg,HQ-前列腺后庭G点探测棒,USB充电,盒,61.75,,1个/盒,=G698*F698,289,=J698*G698,6939068909052,0.26
N-H-111,/product_images/image_row_0699.jpg,十频振动小AV电池款,7号电池1节,盒,16.25,,1个/盒,=G699*F699,58,=J699*G699,6971858540137,0.07
N-H-112,/product_images/image_row_0700.jpg,QS-舌头震动指环,内含纽扣电池,盒,10.4,,1个/盒,=G700*F700,68,=J700*G700,6970379620083,0.07
N-H-113,/product_images/image_row_0701.jpg,QS-水晶阳具单震,5号电池2节,盒,10.4,,1个/盒,=G701*F701,68,=J701*G701,6971858540014,0.18
N-H-114,/product_images/image_row_0702.jpg,QS-帕克阳具,USB充电,盒,43.55,,1个/盒,=G702*F702,198,=J702*G702,6971858542445,0.5
N-H-115,/product_images/image_row_0703.jpg,NL-摇情AV按摩棒,内附USB充电线,盒,84.5,,1个/盒,=G703*F703,288,=J703*G703,6926511600178,0.33
N-H-117,/product_images/image_row_0704.jpg,龙珠单振棒,7号电池2节,盒,11.115,,1个/盒,=G704*F704,48,=J704*G704,6971858540120,0.15
N-H-118,/product_images/image_row_0705.jpg,QS-爱悦变频跳蛋,7号电池2节,盒,18.85,,1个/盒,=G705*F705,88,=J705*G705,6970379621080,0.09
N-H-119,/product_images/image_row_0706.jpg,MizzZee-谜姬 震乳器胸部按摩器二代,USB直插,盒,28.34,,1个/盒,=G706*F706,198,=J706*G706,6937486616118,0.25
N-H-120,/product_images/image_row_0707.jpg,MizzZee-谜姬 情趣男奴贞操锁SM戒撸束缚,透明款,盒,29.77,,1个/盒,=G707*F707,178,=J707*G707,6937486619744,0.2
N-H-121,/product_images/image_row_0708.jpg,HQ-乐潮潮 舌舔双跳蛋,7号电池3节,盒,19.5,,1个/盒,=G708*F708,168,=J708*G708,6939068955509,0.13
N-H-122,/product_images/image_row_0709.jpg,HQ-乐潮潮 龟头双跳蛋,7号电池3节,盒,18.2,,1个/盒,=G709*F709,158,=J709*G709,6939068992023,0.13
N-H-124,/product_images/image_row_0710.jpg,HQ-小斗士硅胶振动棒,7号电池2节,盒,18.2,,1个/盒,=G710*F710,158,=J710*G710,6939068902015,0.15
N-H-125,/product_images/image_row_0711.jpg,HQ-小玉龙硅胶G点棒,7号电池2节,盒,22.75,,1个/盒,=G711*F711,178,=J711*G711,6939068902022,0.16
N-H-126,/product_images/image_row_0712.jpg,HQ-雷神锤硅胶振动棒,7号电池2节,盒,19.5,,1个/盒,=G712*F712,168,=J712*G712,6939068902527,0.17
N-H-127,/product_images/image_row_0713.jpg,HQ-KT猫AV棒,7号电池2节,盒,26,,1个/盒,=G713*F713,188,=J713*G713,6939068902077,0.13
N-H-128,/product_images/image_row_0714.jpg,HQ-伊洛按摩棒,USB充电,盒,30.55,,1个/盒,=G714*F714,208,=J714*G714,6939068992061,0.2
N-H-129,/product_images/image_row_0715.jpg,HQ-仙女妙趣按摩棒,USB充电,盒,47.45,,1个/盒,=G715*F715,238,=J715*G715,6939068920453,0.21
N-H-130,/product_images/image_row_0716.jpg,HQ-仙女美人鱼按摩棒,USB充电,盒,48.75,,1个/盒,=G716*F716,238,=J716*G716,6939068920477,0.2
N-H-132,/product_images/image_row_0717.jpg,Durex-杜蕾斯 小魔怪震震环,含电池,盒,53.3,,1个/盒,=G717*F717,95,=J717*G717,6932740900187,0.1
N-H-133,/product_images/image_row_0718.jpg,Durex-杜蕾斯 焕觉多速震动棒,7号电池2节,盒,84.175,,1个/盒,=G718*F718,148,=J718*G718,6923146114254,0.2
N-H-134,/product_images/image_row_0719.jpg,Durex-杜蕾斯 焕觉双头线控跳蛋,7号电池2节,盒,92.04,,1个/盒,=G719*F719,168,=J719*G719,6932740901085,0.2
N-H-135,/product_images/image_row_0720.jpg,Durex-杜蕾斯 金刚持久环（食品级硅胶）,无,盒,35.1,,1个/盒,=G720*F720,68,=J720*G720,6932740900491,0.1
N-H-136,/product_images/image_row_0721.jpg,Durex-杜蕾斯 细型震动棒（食品级硅胶）,含电池,盒,130,,1个/盒,=G721*F721,268,=J721*G721,6932740901542,0.2
N-H-137,/product_images/image_row_0722.jpg,MizzZee-谜姬 皮皮鲸穿戴跳蛋 小程序款,内附USB充电线,盒,32.435,,1个/盒,=G722*F722,148,=J722*G722,6976309820905,0.1
N-H-138,/product_images/image_row_0723.jpg,MizzZee-谜姬 点潮跳蛋 小程序款,内附USB充电线,盒,39,,1个/盒,=G723*F723,148,=J723*G723,6974408085652,0.1
N-H-139,/product_images/image_row_0724.jpg,MizzZee-谜姬 花贝穿戴 小程序款,内附USB充电线,盒,39.65,,1个/盒,=G724*F724,148,=J724*G724,6974408086246,0.1
N-H-140,/product_images/image_row_0725.jpg,FERQU-遥控舌舔双跳蛋,USB直插,盒,17.225,,1个/盒,=G725*F725,98,=J725*G725,6975624820423,0.12
N-H-141,/product_images/image_row_0726.jpg,FERQU-舌舔变频强震尖圆三头跳蛋,USB直插,盒,21.125,,1个/盒,=G726*F726,118,=J726*G726,6975624820430,0.2
N-H-142,/product_images/image_row_0727.jpg,GALAKU-阿卡丽 极速天使AV棒,USB充电,盒,58.825,,1个/盒,=G727*F727,198,=J727*G727,6975488691146,0.4
N-H-143,/product_images/image_row_0728.jpg,MizzZee-谜姬 小姬姬仿真阳具,无,盒,9.23,,1个/盒,=G728*F728,98,=J728*G728,6937486612202,0.15
N-H-144,/product_images/image_row_0729.jpg,MizzZee-谜姬 透明夜光手动阳具 粉色,无,盒,26,,1个/盒,=G729*F729,168,=J729*G729,6937486619065,0.4
N-H-145,/product_images/image_row_0730.jpg,水晶狼牙棒,5号电池1节,盒,12.025,,1个/盒,=G730*F730,78,=J730*G730,6949116700104,0.2
N-H-146,/product_images/image_row_0731.jpg,G点刺激震动拉珠,5号电池1节,盒,8.45,,1个/盒,=G731*F731,58,=J731*G731,6949116704423,0.13
N-H-148,/product_images/image_row_0732.jpg,MizzZee-谜姬 悦浪炮机 基础款,USB充电,盒,113.425,,1个/盒,=G732*F732,398,=J732*G732,6937486614411,0.4
N-H-149,/product_images/image_row_0733.jpg,穿戴阳具皮裤,5号电池2节,盒,31.85,,1个/盒,=G733*F733,138,=J733*G733,6949116704881,0.39
N-H-150,/product_images/image_row_0734.jpg,ZT-0631捆绑系列M型,无,盒,14.885,,1个/盒,=G734*F734,118,=J734*G734,6949116706151,0.25
N-H-151,/product_images/image_row_0735.jpg,ZT-0630捆绑系列X型,无,盒,14.885,,1个/盒,=G735*F735,118,=J735*G735,6949116705895,0.25
N-H-152,/product_images/image_row_0736.jpg,ZT-0538肉色震动阳具吸盘,5号电池2节,盒,16.9,,1个/盒,=G736*F736,169,=J736*G736,6949116706366,0.4
N-H-153,/product_images/image_row_0737.jpg,ZT-0540银色仿真阳具吸盘,5号电池2节,盒,25.35,,1个/盒,=G737*F737,208,=J737*G737,6949116706380,0.45
N-H-155,/product_images/image_row_0738.jpg,FERQU-雄风猛男 振动吸盘仿真阳具,5号电池2节,盒,23.4,,1个/盒,=G738*F738,198,=J738*G738,6975624822168,0.64
N-H-156,/product_images/image_row_0739.jpg,FERQU-巨根男神 振动吸盘仿真阳具,5号电池2节,盒,23.4,,1个/盒,=G739*F739,198,=J739*G739,6975624823530,0.64
N-H-157,/product_images/image_row_0740.jpg,MizzZee-谜姬 果冻震动棒后庭阴肛双用-变形爆珠,5池1节,盒,11.3425,,1个/盒,=G740*F740,78,=J740*G740,6976978540920,0.15
N-H-159,/product_images/image_row_0741.jpg,AK-HOT大卫M013女用仿真吸盘阳具,无,盒,20.8,,1个/盒,=G741*F741,168,=J741*G741,6937901554353,0.4
N-H-160,/product_images/image_row_0742.jpg,BR-伸缩转珠棒,7号电池4节,盒,34.45,,1个/盒,=G742*F742,268,=J742*G742,6974406740119,0.3
N-H-161,/product_images/image_row_0743.jpg,BR-兔子G点转珠棒,7号电池4节,盒,26.65,,1个/盒,=G743*F743,218,=J743*G743,6974406740102,0.32
N-H-162,/product_images/image_row_0744.jpg,穿带式皮裤叉,5号电池2节,盒,20.15,,1个/盒,=G744*F744,138,=J744*G744,6972422700636,0.3
N-H-163,/product_images/image_row_0745.jpg,MZY-急速舌舔硅胶振动棒,USB充电,盒,28.6,,1个/盒,=G745*F745,218,=J745*G745,6975107430330,0.2
N-H-164,/product_images/image_row_0746.jpg,MZY-帕克伸缩电动阳具（插电款蓝）,USB直插,盒,33.8,,1个/盒,=G746*F746,218,=J746*G746,6975107430149,0.35
N-H-165,/product_images/image_row_0747.jpg,MZY-帕克伸缩电动阳具（充电款橘）,USB充电,盒,42.9,,1个/盒,=G747*F747,268,=J747*G747,6975107430170,0.37
N-H-166,/product_images/image_row_0748.jpg,MZY-爱神舌舔震动棒,USB充电,盒,34.775,,1个/盒,=G748*F748,218,=J748*G748,6975107430064,0.2
N-H-167,/product_images/image_row_0749.jpg,MZY-伸缩暖男 遥控智能伸缩加温,USB充电,盒,60.45,,1个/盒,=G749*F749,318,=J749*G749,6975107430156,0.37
N-H-168,/product_images/image_row_0750.jpg,MZY-遥控撸霸 遥控智能伸缩舌震加温,USB充电,盒,63.7,,1个/盒,=G750*F750,358,=J750*G750,6975107430163,0.45
N-H-169,/product_images/image_row_0751.jpg,MizzZee-谜姬 USB花样双跳蛋,USB直插,盒,7.8,,1个/盒,=G751*F751,78,=J751*G751,6937486612233,0.1
N-H-170,/product_images/image_row_0752.jpg,MizzZee-谜姬 奶瓶AV棒 电池款,5号电池2节,盒,9.217,,1个/盒,=G752*F752,88,=J752*G752,6937486615340,0.1
N-H-172,/product_images/image_row_0753.jpg,MizzZee-谜姬 小AV棒震动棒,7号电池2节,盒,11.3425,,1个/盒,=G753*F753,138,=J753*G753,6937486603873,0.1
N-H-173,/product_images/image_row_0754.jpg,MizzZee-谜姬 趣潮震动棒,5号电池2节,盒,16.25,,1个/盒,=G754*F754,158,=J754*G754,6974408080794,0.15
N-H-177,/product_images/image_row_0755.jpg,MizzZee-谜姬 迷情变频五代震动棒后庭舌舔款,USB充电,盒,35.49,,1个/盒,=G755*F755,218,=J755*G755,6974408080213,0.2
N-H-178,/product_images/image_row_0756.jpg,MizzZee-谜姬 爱潮AV棒震动加温大头多种玩法,USB充电,盒,36.855,,1个/盒,=G756*F756,218,=J756*G756,6976978540043,0.22
N-H-179,/product_images/image_row_0757.jpg,MizzZee-谜姬 米罗AV震动棒 樱花粉,USB充电,盒,39,,1个/盒,=G757*F757,258,=J757*G757,6976309822060,0.25
N-H-180,/product_images/image_row_0758.jpg,名流天使-超薄手撕丝袜,彩盒,盒,3.25,,1件/盒,=G758*F758,38,=J758*G758,6973891831210,0.05
N-H-181,/product_images/image_row_0759.jpg,名流天使-奶味手撕丝袜,彩盒,盒,3.51,,1件/盒,=G759*F759,38,=J759*G759,6973891831180,0.05
N-H-182,/product_images/image_row_0760.jpg,情趣黑丝超薄手撕丝袜,OPP袋,袋,2.08,,1件/袋,=G760*F760,9.9,=J760*G760,6917670027340,0.03
N-H-183,/product_images/image_row_0761.jpg,YRM-红边黑丝过膝长筒袜斩男神器,彩盒,1055红边,5.2,,1件/盒,=G761*F761,25,=J761*G761,6975624822786,0.05
N-H-184,/product_images/image_row_0762.jpg,YRM-黑边黑丝过膝长筒袜斩男神器,彩盒,1055黑边,5.2,,1件/盒,=G762*F762,25,=J762*G762,6975624822793,0.05
N-H-185,/product_images/image_row_0763.jpg,YRM-JK学生袜纯欲校园风（蓝边白袜）,彩盒,1050白,4.225,,1件/盒,=G763*F763,18,=J763*G763,6975624822809,0.05
N-H-186,/product_images/image_row_0764.jpg,YRM-JK学生袜纯欲校园风（白边黑袜）,彩盒,1050黑,4.225,,1件/盒,=G764*F764,18,=J764*G764,6975624823097,0.05
N-H-187,/product_images/image_row_0765.jpg,泰琦乐 圆筒装,圆筒,筒,8.45,,1件/筒,=G765*F765,108,=J765*G765,6937486685374,0.08
N-H-188,/product_images/image_row_0766.jpg,YRM-职场秘书灰丝情趣过膝丝袜,自封袋,1060灰,3.51,,1件/袋,=G766*F766,25,=J766*G766,6937486710601,0.05
N-H-189,/product_images/image_row_0767.jpg,YRM-性感御姐黑丝情趣过膝丝袜,自封袋,1060黑,3.51,,1件/袋,=G767*F767,25,=J767*G767,6937486610604,0.05
N-H-190,/product_images/image_row_0768.jpg,YRM-性感蕾丝花边情趣过膝丝袜,自封袋,1023黑,3.25,,1件/袋,=G768*F768,20,=J768*G768,6937486610239,0.05
N-H-191,/product_images/image_row_0769.jpg,FQ-菲趣网红泳衣高叉三点式裹胸红丝带,彩盒,8894,9.1,,1件/盒,=G769*F769,149,=J769*G769,6975624820515,0.085
N-H-192,/product_images/image_row_0770.jpg,FQ-菲趣纯欲风雪纺白纱透视肚兜,彩盒,8520,9.1,,1件/盒,=G770*F770,149,=J770*G770,6975624820522,0.075
N-H-193,/product_images/image_row_0771.jpg,ESIBIBI-FA047性感全身一体网衣,彩盒,246,9.1,,1件/盒,=G771*F771,149,=J771*G771,6975624820539,0.08
N-H-194,/product_images/image_row_0772.jpg,ESIBIBI-FA04紧身泳衣学生装,彩盒,8577,9.1,,1件/盒,=G772*F772,149,=J772*G772,6975624820546,0.12
N-H-195,/product_images/image_row_0773.jpg,蕾丝透视 高档圆筒装（黑）,圆筒,8883黑,13,,1件/筒,=G773*F773,119,=J773*G773,6937486888300,0.07
N-H-196,/product_images/image_row_0774.jpg,FQ-菲趣清纯露腰性感俏皮学生制服,彩盒,7019,16.25,,1件/盒,=G774*F774,129,=J774*G774,6975624820553,0.23
N-H-197,/product_images/image_row_0775.jpg,ZM-性感女仆情趣制服套装,彩盒,7084,18.2,,1件/盒,=G775*F775,129,=J775*G775,6975624820560,0.23
N-H-198,/product_images/image_row_0776.jpg,芭比制服 旗袍小姐,彩盒,8888,16.25,,1件/盒,=G776*F776,129,=J776*G776,6975624820577,0.11
N-H-199,/product_images/image_row_0777.jpg,FQ-菲趣纯欲蕾丝露乳护士制服,彩盒,7031,13,,1件/盒,=G777*F777,119,=J777*G777,6975624820584,0.11
N-H-200,/product_images/image_row_0778.jpg,情趣丁字裤,塑料盒,盒,6.5,,1件/盒,=G778*F778,48,=J778*G778,6937486697346,0.025
N-H-202,/product_images/image_row_0779.jpg,ZM-夜店开档丝袜性感薄款黑色网袜,自封袋,盒,5.525,,1件/袋,=G779*F779,48,=J779*G779,6977607190127,0.05
N-H-203,/product_images/image_row_0780.jpg,ZM-镂空情趣连裤袜高筒中网丝袜,自封袋,盒,5.525,,1件/袋,=G780*F780,48,=J780*G780,6977607190653,0.065
N-H-204,/product_images/image_row_0781.jpg,ZM-开档油光透明情趣丝袜性感连裤,自封袋,油袜,7.8,,1件/袋,=G781*F781,68,=J781*G781,6937486600032,0.065
N-H-205,/product_images/image_row_0782.jpg,YRM-花边镂空渔网连情趣过膝袜黑,自封袋,1002黑,2.86,,1件/袋,=G782*F782,19,=J782*G782,6937486100228,0.05
N-H-206,/product_images/image_row_0783.jpg,YRM-花边镂空渔网连情趣过膝袜粉,自封袋,1002粉,2.86,,1件/袋,=G783*F783,19,=J783*G783,6937486102222,0.05
N-H-207,/product_images/image_row_0784.jpg,YRM-性感免脱开档露臀丝袜,自封袋,1003黑,5.2,,1件/袋,=G784*F784,48,=J784*G784,6937486100396,0.05
N-H-208,/product_images/image_row_0785.jpg,YRM-镂空渔网连体袜,自封袋,1058黑,5.2,,1件/袋,=G785*F785,48,=J785*G785,6937486105896,0.065
N-H-209,/product_images/image_row_0786.jpg,YRM-油光开档连体丝袜,自封袋,油开档,7.15,,1件/袋,=G786*F786,68,=J786*G786,6937486884968,0.065
N-H-211,/product_images/image_row_0787.jpg,FERQU-性感连体网衣露臀小妖精9089,彩盒,9089,10.725,,1件/盒,=G787*F787,149,=J787*G787,6975624820607,0.12
N-H-212,/product_images/image_row_0788.jpg,FERQU-国风透视情趣绣花旗袍8132,彩盒,8132,18.85,,1件/盒,=G788*F788,149,=J788*G788,6975624820614,0.13
N-H-213,/product_images/image_row_0789.jpg,FERQU-俏皮小喵咪连体比基尼8586,彩盒,8586,22.1,,1件/盒,=G789*F789,149,=J789*G789,6975624820621,0.15
N-H-214,/product_images/image_row_0790.jpg,FERQU-蕾丝透视性感女神内衣短裙9743,彩盒,9743,20.8,,1件/盒,=G790*F790,189,=J790*G790,6975624820362,0.16
N-H-215,/product_images/image_row_0791.jpg,FERQU-深V透视吊带蕾丝女神睡裙7891,彩盒,7891,15.6,,1件/盒,=G791*F791,149,=J791*G791,6975624820638,0.21
N-H-216,/product_images/image_row_0792.jpg,FERQU-蝴蝶结绑带连体衣7019,彩盒,F7019,17.68,,1件/盒,=G792*F792,149,=J792*G792,6975624820645,0.12
N-H-217,/product_images/image_row_0793.jpg,FERQU-荷叶边露肩包臀连衣裙6971,彩盒,F6971,17.68,,1件/盒,=G793*F793,149,=J793*G793,6975624820652,0.17
N-H-218,/product_images/image_row_0794.jpg,FERQU-轻盈烂漫仙女裙7751,彩盒,F7751,29.25,,1件/盒,=G794*F794,189,=J794*G794,6975624820669,0.15
N-H-219,/product_images/image_row_0795.jpg,FERQU-俏皮可爱兔女郎女仆装7919,彩盒,F7919,28.6,,1件/盒,=G795*F795,189,=J795*G795,6975624820676,0.16
N-H-220,/product_images/image_row_0796.jpg,FERQU-俏皮爱情女仆露背装8262,彩盒,8262,33.995,,1件/盒,=G796*F796,189,=J796*G796,6975624820683,0.26
N-H-230,/product_images/image_row_0797.jpg,FQ-性感蕾丝三点式 黑,彩盒,文胸+T裤,3.9,,1件/盒,=G797*F797,48,=J797*G797,6975624822816,0.1
N-H-231,/product_images/image_row_0798.jpg,FQ-性感蕾丝三点式 白,彩盒,文胸+T裤,3.9,,1件/盒,=G798*F798,48,=J798*G798,6975624823103,0.1
N-H-232,/product_images/image_row_0799.jpg,FQ-性感蕾丝珍珠免脱丁字裤,彩盒,N6,3.51,,1件/盒,=G799*F799,48,=J799*G799,6975624822823,0.1
N-H-233,/product_images/image_row_0800.jpg,FQ-蕾丝荷叶边珍珠开档T裤 黑,彩盒,2064黑,6.37,,1件/盒,=G800*F800,48,=J800*G800,6975624822830,0.1
N-H-234,/product_images/image_row_0801.jpg,FQ-蕾丝荷叶边珍珠开档T裤 白,彩盒,2064白,6.37,,1件/盒,=G801*F801,48,=J801*G801,6975624823080,0.1
N-H-235,/product_images/image_row_0802.jpg,FQ-蝴蝶结花朵蕾丝开档内裤 肤色,彩盒,N44肤色,6.695,,1件/盒,=G802*F802,48,=J802*G802,6975624822847,0.1
N-H-236,/product_images/image_row_0803.jpg,FQ-蝴蝶结花朵蕾丝开档内裤 黑,彩盒,N44黑色,6.695,,1件/盒,=G803*F803,48,=J803*G803,6975624823127,0.1
N-H-237,/product_images/image_row_0804.jpg,FQ-蕾丝开档珍珠内裤,彩盒,2144,6.695,,1件/盒,=G804*F804,48,=J804*G804,6975624822854,0.1
N-H-238,/product_images/image_row_0805.jpg,FQ-浪漫蝴蝶结蕾丝开档丁字裤,彩盒,3002,6.695,,1件/盒,=G805*F805,48,=J805*G805,6975624822861,0.1
N-H-239,/product_images/image_row_0806.jpg,FQ-蕾丝交叉蝴蝶结开档内裤,彩盒,2107,7.085,,1件/盒,=G806*F806,48,=J806*G806,6975624822878,0.1
N-H-240,/product_images/image_row_0807.jpg,FQ-复古刺绣蕾丝开档丁字裤,彩盒,3019,7.8,,1件/盒,=G807*F807,48,=J807*G807,6975624822885,0.1
N-H-241,/product_images/image_row_0808.jpg,FQ-纯欲蕾丝镂空珍珠刺绣丁字裤,彩盒,2249,7.8,,1件/盒,=G808*F808,48,=J808*G808,6975624822892,0.1
N-H-251,/product_images/image_row_0809.jpg,FM-霏慕深V吊带性感仿真丝睡裙6503,自封袋,蓝绿【睡裙+T裤】,24.83,,1件/袋,=G809*F809,48,=J809*G809,6976309827508,0.1
N-H-252,/product_images/image_row_0810.jpg,FM-霏慕深U露沟薄透开裆连体衣6510,自封袋,黑【开裆连体衣】,10.66,,1件/袋,=G810*F810,38,=J810*G810,6976309827607,0.1
N-H-253,/product_images/image_row_0811.jpg,FM-霏慕学院深V镂空透视网衣裙6519,自封袋,灰【 长袖网衣裙+领带+T裤】,23.075,,1件/袋,=G811*F811,48,=J811*G811,6976309827737,0.2
N-H-254,/product_images/image_row_0812.jpg,FM-霏慕花边透纱珍珠串饰三点式6536,自封袋,黑【珍珠文胸+露臀T裤】,19.89,,1件/袋,=G812*F812,38,=J812*G812,6976309828161,0.1
N-H-255,/product_images/image_row_0813.jpg,FM-霏慕水钻肩带两穿衬衫6587,自封袋,白【衬衫+可拆钻链吊带*2+T裤】,37.583,,1件/袋,=G813*F813,78,=J813*G813,6976309828802,0.2
N-H-257,/product_images/image_row_0814.jpg,FM-霏慕高开衩分片绑带丝绒旗袍6701,自封袋,红【高开衩绑带旗袍+T裤】,23.4,,1件/袋,=G814*F814,48,=J814*G814,6937486666175,0.15
N-H-258,/product_images/image_row_0815.jpg,FM-霏慕COS西域风情舞姬套装6703,自封袋,异域舞娘◆蓝绿【头纱+抹胸+分片绑裙+T裤】,37.583,,1件/袋,=G815*F815,78,=J815*G815,6937486666199,0.15
N-H-259,/product_images/image_row_0816.jpg,FM-霏慕复古流苏透视蕾丝旗袍6740,自封袋,黑【旗袍+T裤】,22.685,,1件/袋,=G816*F816,48,=J816*G816,6937486667103,0.1
N-H-260,/product_images/image_row_0817.jpg,FM-霏慕禁欲系高开衩修女套装6766,自封袋,黑+白【修女头纱+连衣裙+T裤】,34.06,,1件/袋,=G817*F817,78,=J817*G817,6937486667769,0.2
N-H-261,/product_images/image_row_0818.jpg,FM-霏慕蝴蝶掩胸蕾丝开裆连体衣6770,自封袋,白【蕾丝开裆连体衣】,24.115,,1件/袋,=G818*F818,48,=J818*G818,6937486667707,0.1
N-H-262,/product_images/image_row_0819.jpg,FM-霏慕古风飘逸蝴蝶系带分片裙6783,自封袋,绿【头纱+抹胸+分片绑裙+T裤】,43.225,,1件/袋,=G819*F819,98,=J819*G819,6937486668605,0.15
N-H-263,/product_images/image_row_0820.jpg,FM-霏慕古典唐风印花分片抹6885,自封袋,狐媚娘◆绿+红【分片抹胸裙+飘袖*2+T裤】,34.06,,1件/袋,=G820*F820,78,=J820*G820,6937486666007,0.1
N-H-264,/product_images/image_row_0821.jpg,FM-霏慕二次元软妹系带连体衣6919,自封袋,白蓝【颈环-可开裆连体衣】,25.545,,1件/袋,=G821*F821,58,=J821*G821,6937486669190,0.15
N-H-265,/product_images/image_row_0822.jpg,FM-霏慕学院风格子JK制服套装7017,自封袋,黑格+白【领带+衬衫+百褶裙+T裤】,33.215,,1件/袋,=G822*F822,78,=J822*G822,6974408089957,0.25
N-H-266,/product_images/image_row_0823.jpg,FM-霏慕长袖开档连体衣7046,自封袋,黑【长袖开档连体衣】,20.54,,1件/袋,=G823*F823,48,=J823*G823,6937486692945,0.15
N-H-267,/product_images/image_row_0824.jpg,FM-霏慕风情裸背包臀连衣裙7093,自封袋,黑【露背连衣裙-T裤】,18.265,,1件/袋,=G824*F824,38,=J824*G824,6937486693492,0.15
N-H-268,/product_images/image_row_0825.jpg,FM-霏慕网眼露乳开档连身袜7504,自封袋,黑色【单件连身袜】,6.76,,1件/袋,=G825*F825,28,=J825*G825,6937486675047,0.1
N-H-269,/product_images/image_row_0826.jpg,FM-霏慕镂空透视网眼开裆连身袜7506,自封袋,黑【单件连身袜】,6.37,,1件/袋,=G826*F826,28,=J826*G826,6937486675061,0.1
N-H-270,/product_images/image_row_0827.jpg,FM-霏慕性感镂空提花开裆连身袜7509,自封袋,黑【单件开裆连身袜】,6.045,,1件/袋,=G827*F827,28,=J827*G827,6937486675092,0.1
N-H-271,/product_images/image_row_0828.jpg,FM-霏慕惹火露乳开裆连身袜7522,自封袋,黑【单件开裆连身袜】,7.8,,1件/袋,=G828*F828,28,=J828*G828,6937486675221,0.1
N-H-272,/product_images/image_row_0829.jpg,FM-霏慕魅惑蝴蝶结渔网连身袜7535,自封袋,黑【单件开裆连身袜】,6.955,,1件/袋,=G829*F829,28,=J829*G829,6937486675351,0.1
N-H-273,/product_images/image_row_0830.jpg,FM-霏慕露乳花纹连身袜7537,自封袋,黑色【单件连身袜】,8.45,,1件/袋,=G830*F830,28,=J830*G830,6937486675375,0.1
N-H-274,/product_images/image_row_0831.jpg,FM-霏慕假式马甲束腰网眼连身袜7545,自封袋,黑【单件开裆连身袜】,7.085,,1件/袋,=G831*F831,28,=J831*G831,6937486675450,0.1
N-H-275,/product_images/image_row_0832.jpg,FM-霏慕镂空开裆连身袜7550,自封袋,【单件开裆连身袜】,7.085,,1件/袋,=G832*F832,28,=J832*G832,6937486675504,0.1
N-H-276,/product_images/image_row_0833.jpg,FM-霏慕侧腰镂空提花开裆连身袜7559,自封袋,黑【单件开裆连身袜】,7.8,,1件/袋,=G833*F833,28,=J833*G833,6937486675597,0.1
N-H-277,/product_images/image_row_0834.jpg,FM-霏慕露背网眼提花包臀网衣7561,自封袋,黑色【单件连身袜】,4.94,,1件/袋,=G834*F834,28,=J834*G834,6937486675610,0.1
N-H-278,/product_images/image_row_0835.jpg,FM-霏慕环颈高开叉美裙7873,自封袋,【旗袍长裙-T裤】,21.97,,1件/袋,=G835*F835,58,=J835*G835,6937486678734,0.18
N-H-279,/product_images/image_row_0836.jpg,FM-霏慕阿依娜异域风情流苏水袖舞女装7886,自封袋,阿依娜◆蓝绿【文胸牵指飘袖T裤】,31.85,,1件/袋,=G836*F836,78,=J836*G836,6974408088578,0.1
N-H-280,/product_images/image_row_0837.jpg,FM-霏慕蕾丝露乳文胸7900,自封袋,7900黑【露乳文胸-开档T裤】,7.8,,1件/袋,=G837*F837,28,=J837*G837,6937486679007,0.1
N-H-281,/product_images/image_row_0838.jpg,FM-霏慕玫瑰蕾丝性感女仆装7911,自封袋,黑白【发箍-颈环-连衣裙-围裙-T裤-手环*2-腿环】,29.055,,1件/袋,=G838*F838,78,=J838*G838,6937486679113,0.15
N-H-282,/product_images/image_row_0839.jpg,FM-霏慕性感亮丝包臀裙7979,自封袋,黑【连衣裙+T裤,18.655,,1件/袋,=G839*F839,48,=J839*G839,6937486679793,0.1
N-H-283,/product_images/image_row_0840.jpg,FM-霏慕敦煌飞天舞姬异域套装7985,自封袋,仙域舞姬◆红+绿【抹胸+披帛+纱裙+T裤】,45.5,,1件/袋,=G840*F840,98,=J840*G840,6937486679854,0.15
N-H-320,/product_images/image_row_0841.png,FQ-性感蕾丝柔纱女神睡裙暗夜黑8067黑,彩盒,8067黑,14.95,,1件/盒,=G841*F841,128,=J841*G841,6975624823271,0.2
N-H-321,/product_images/image_row_0842.png,FQ-性感蕾丝柔纱女神睡裙纯欲白8067白,彩盒,8067白,14.95,,1件/盒,=G842*F842,128,=J842*G842,6975624823288,0.2
N-H-322,/product_images/image_row_0843.png,FQ-性感猫女郎COS猫咪女仆毛绒比基尼8071黑,彩盒,8071黑,22.75,,1件/盒,=G843*F843,138,=J843*G843,6975624823295,0.2
N-H-323,/product_images/image_row_0844.png,FQ-清纯露腰一衣两穿清纯学生制服8176,彩盒,8176,18.2,,1件/盒,=G844*F844,128,=J844*G844,6975624823301,0.26
N-H-324,/product_images/image_row_0845.png,FQ-民国学生旗袍制服情趣透视免脱8317,彩盒,8317,20.15,,1件/盒,=G845*F845,138,=J845*G845,6975624823318,0.24
N-H-325,/product_images/image_row_0846.png,FQ-女神范职业学生装两穿免脱制服9701,彩盒,9701,21.45,,1件/盒,=G846*F846,138,=J846*G846,6975624823325,0.28
N-H-326,/product_images/image_row_0847.png,FQ-性感吊带激情免脱美背睡裙9806,彩盒,9806灰,14.95,,1件/盒,=G847*F847,128,=J847*G847,6975624823332,0.2
N-H-327,/product_images/image_row_0848.png,FQ-奶油女仆纯恋爱心撩人战袍9852,彩盒,9852,21.45,,1件/盒,=G848*F848,138,=J848*G848,6975624823349,0.26
N-H-328,/product_images/image_row_0849.png,FQ-深V蕾丝透胸秘书诱惑战袍黑9855黑,彩盒,9855黑,17.55,,1件/盒,=G849*F849,128,=J849*G849,6975624823356,0.2
N-H-329,/product_images/image_row_0850.png,FQ-深V蕾丝透胸秘书诱惑纯欲白9855白,彩盒,9855白,17.55,,1件/盒,=G850*F850,128,=J850*G850,6975624823363,0.2
N-H-331,/product_images/image_row_0851.png,FQ-性感蕾丝睡裙聚拢免脱透视诱惑9913,彩盒,9913黑,21.45,,1件/盒,=G851*F851,138,=J851*G851,6975624823370,0.2
N-H-332,/product_images/image_row_0852.png,FQ-系带蝴蝶纯欲诱惑透视睡裙9915,彩盒,9915白,20.15,,1件/盒,=G852*F852,138,=J852*G852,6975624823387,0.22
N-H-333,/product_images/image_row_0853.png,FQ-性感秘书制服诱惑纯欲套装9972,彩盒,9972,24.7,,1件/盒,=G853*F853,138,=J853*G853,6975624823394,0.26
N-H-334,/product_images/image_row_0854.png,FQ-性感蕾丝裹胸开档纱裙女仆装9982,彩盒,9982,18.2,,1件/盒,=G854*F854,128,=J854*G854,6975624823400,0.2
N-H-335,/product_images/image_row_0855.png,YRM-情趣露乳免开档拉丝连体衣201,自封袋,201,7.15,,1件/袋,=G855*F855,38,=J855*G855,6937486972016,0.08
N-H-336,/product_images/image_row_0856.png,YRM-情趣巨胸平肩花纹连体衣204,自封袋,204,6.5,,1件/袋,=G856*F856,38,=J856*G856,6937486972047,0.08
N-H-337,/product_images/image_row_0857.png,YRM-情趣吊带露肩花纹连体衣206,自封袋,206,7.15,,1件/袋,=G857*F857,38,=J857*G857,6937486972061,0.08
N-H-338,/product_images/image_row_0858.png,YRM-情趣包臀暗花御姐风连体衣211,自封袋,211,6.825,,1件/袋,=G858*F858,38,=J858*G858,6937486972115,0.08
N-H-339,/product_images/image_row_0859.png,YRM-情趣镂空花纹诱惑开档连体衣212,自封袋,212,6.825,,1件/袋,=G859*F859,38,=J859*G859,6937486972122,0.08
N-H-340,/product_images/image_row_0860.png,YRM-情趣吊带露背小妖精连体衣215,自封袋,215,4.875,,1件/袋,=G860*F860,38,=J860*G860,6937486972153,0.08
N-H-341,/product_images/image_row_0861.png,YRM-情趣露乳渔网绣花连体衣223,自封袋,223,5.85,,1件/袋,=G861*F861,38,=J861*G861,6937486972238,0.08
N-H-342,/product_images/image_row_0862.png,YRM-情趣撕扯诱惑镂空连体衣238,自封袋,238,5.85,,1件/袋,=G862*F862,38,=J862*G862,6937486972382,0.08
N-H-351,/product_images/image_row_0863.jpg,FQ-菲趣深V吊带性感仿真丝睡裙9920蓝,自封袋,9920蓝,19.825,,1件/袋,=G863*F863,48,=J863*G863,6975624822182,0.1
N-H-352,/product_images/image_row_0864.jpg,FQ-菲趣深U露沟薄透开裆连体衣9840黑,自封袋,9840黑,8.125,,1件/袋,=G864*F864,38,=J864*G864,6975624822199,0.1
N-H-354,/product_images/image_row_0865.jpg,FQ-菲趣浪漫蕾丝三点式套装9986白,自封袋,9986白,9.75,,1件/袋,=G865*F865,48,=J865*G865,6975624822205,0.1
N-H-355,/product_images/image_row_0866.jpg,FQ-菲趣水钻肩带两穿衬衫9892白,自封袋,9892白,22.425,,1件/袋,=G866*F866,78,=J866*G866,6975624822229,0.2
N-H-356,/product_images/image_row_0867.jpg,FQ-菲趣镂空露胸暗扣开裆连体衣9864黑,自封袋,9864黑,19.5,,1件/袋,=G867*F867,48,=J867*G867,6975624822236,0.15
N-H-357,/product_images/image_row_0868.jpg,FQ-菲趣高开衩分片绑带丝绒旗袍9834酒红,自封袋,9834酒红,20.475,,1件/袋,=G868*F868,48,=J868*G868,6975624822243,0.15
N-H-358,/product_images/image_row_0869.jpg,FQ-菲趣COS西域风情舞姬套装9831蓝绿,自封袋,9831蓝绿,33.995,,1件/袋,=G869*F869,78,=J869*G869,6975624822250,0.15
N-H-359,/product_images/image_row_0870.jpg,FQ-菲趣复古流苏透视蕾丝旗袍9987黑,自封袋,9987黑,19.5,,1件/袋,=G870*F870,48,=J870*G870,6975624822267,0.1
N-H-360,/product_images/image_row_0871.jpg,FQ-菲趣禁欲系高开衩修女套装9804黑,自封袋,9804黑,21.125,,1件/袋,=G871*F871,78,=J871*G871,6975624822274,0.2
N-H-361,/product_images/image_row_0872.jpg,FQ-菲趣蝴蝶掩胸蕾丝开裆连体衣9998白,自封袋,9998白,19.5,,1件/袋,=G872*F872,48,=J872*G872,6975624822281,0.1
N-H-362,/product_images/image_row_0873.jpg,FQ-菲趣法式浪漫蕾丝诱惑三点式套装9935白,自封袋,9935白,13.325,,1件/袋,=G873*F873,38,=J873*G873,6975624822298,0.1
N-H-363,/product_images/image_row_0874.jpg,FQ-菲趣性感漏胸系带连体衣9975黑,自封袋,9975黑,13.325,,1件/袋,=G874*F874,38,=J874*G874,6975624822304,0.1
N-H-364,/product_images/image_row_0875.jpg,FQ-菲趣二次元软妹系带连体衣9931白蓝,自封袋,9931黑白,19.5,,1件/袋,=G875*F875,58,=J875*G875,6975624822311,0.15
N-H-365,/product_images/image_row_0876.jpg,FQ-菲趣性感紧身裹胸连体衣9815黑,自封袋,9815黑,11.7,,1件/袋,=G876*F876,38,=J876*G876,6975624822328,0.1
N-H-366,/product_images/image_row_0877.jpg,FQ-菲趣长袖开档连体衣9929黑,自封袋,9929黑,14.495,,1件/袋,=G877*F877,48,=J877*G877,6975624822335,0.15
N-H-367,/product_images/image_row_0878.jpg,FQ-菲趣风情裸背包臀连衣裙9928黑,自封袋,9928黑,13.065,,1件/袋,=G878*F878,38,=J878*G878,6975624822342,0.1
N-H-368,/product_images/image_row_0879.jpg,FQ-菲趣二次元可爱漫画连体衣9939粉,自封袋,9939粉,13.325,,1件/袋,=G879*F879,38,=J879*G879,6975624822359,0.1
N-H-369,/product_images/image_row_0880.jpg,FQ-菲趣古典性感肚兜套装8104红,自封袋,8104红,12.025,,1件/袋,=G880*F880,38,=J880*G880,6975624822366,0.1
N-H-371,/product_images/image_row_0881.jpg,FQ-菲趣性感蕾丝魅惑女仆连体衣9893黑白,自封袋,9893黑白,19.5,,1件/袋,=G881*F881,48,=J881*G881,6975624822380,0.15
N-H-372,/product_images/image_row_0882.jpg,FQ-菲趣撩人低领露乳纯欲睡裙9816白,自封袋,9816白,14.625,,1件/袋,=G882*F882,48,=J882*G882,6975624822397,0.15
N-H-373,/product_images/image_row_0883.jpg,FQ-菲趣性感秘书镂空职业装8309白,自封袋,8309白,13.325,,1件/袋,=G883*F883,48,=J883*G883,6975624822403,0.15
N-H-374,/product_images/image_row_0884.jpg,FQ-菲趣时尚深V性感开叉睡裙9981肤色,自封袋,9981肤色,21.125,,1件/袋,=G884*F884,58,=J884*G884,6975624822410,0.18
N-H-375,/product_images/image_row_0885.jpg,FQ-菲趣浪漫蕾丝开裆连体衣9988酒红,自封袋,9988酒红,19.5,,1件/袋,=G885*F885,58,=J885*G885,6975624822427,0.1
N-H-377,/product_images/image_row_0886.jpg,FQ-菲趣法式宫廷风花边女仆装8080白,自封袋,8080白,19.5,,1件/袋,=G886*F886,58,=J886*G886,6975624822441,0.15
N-H-378,/product_images/image_row_0887.jpg,FQ-菲趣环颈高开叉美裙9942黑,自封袋,9942黑,14.495,,1件/袋,=G887*F887,58,=J887*G887,6975624822458,0.15
N-H-379,/product_images/image_row_0888.jpg,FQ-菲趣青涩悸动性感JK格纹学生制服9979粉格,自封袋,9979粉格,21.125,,1件/袋,=G888*F888,68,=J888*G888,6975624822465,0.25
N-H-381,/product_images/image_row_0889.jpg,FQ-菲趣玫瑰蕾丝性感女仆装9958黑,自封袋,9958黑白,13,,1件/袋,=G889*F889,78,=J889*G889,6975624822472,0.15
N-H-382,/product_images/image_row_0890.jpg,FQ-菲趣性感亮丝包臀裙9936黑,自封袋,9936黑,13,,1件/袋,=G890*F890,48,=J890*G890,6975624822489,0.1
N-H-383,/product_images/image_row_0891.jpg,FQ-菲趣敦煌飞天舞姬异域套装9993红绿,自封袋,9993红蓝,32.5,,1件/袋,=G891*F891,98,=J891*G891,6975624822496,0.15
N-H-400,/product_images/image_row_0892.jpg,FQ-蕾丝铃铛颈环软妹女仆项圈 黑,彩盒,黑色,5.655,,1个/盒,=G892*F892,38,=J892*G892,6975624821741,0.1
N-H-401,/product_images/image_row_0893.jpg,FQ-蕾丝铃铛颈环软妹女仆项圈 白,彩盒,白色,5.655,,1个/盒,=G893*F893,38,=J893*G893,6975624823196,0.1
N-H-405,/product_images/image_row_0894.jpg,FQ-皮质牵引铃铛颈圈 黑,彩盒,项圈+链（黑色）,12.025,,1套/盒,=G894*F894,68,=J894*G894,6975624821734,0.15
N-H-406,/product_images/image_row_0895.jpg,FQ-皮质牵引铃铛颈圈 白,彩盒,项圈+链（白色）,12.025,,1套/盒,=G895*F895,68,=J895*G895,6975624823059,0.15
N-H-407,/product_images/image_row_0896.jpg,FQ-皮质牵引铃铛颈圈 粉,彩盒,项圈+链（粉色）,12.025,,1套/盒,=G896*F896,68,=J896*G896,6975624823066,0.15
N-H-410,/product_images/image_row_0897.jpg,FQ-日系蝴蝶结蕾丝爱心手链项链,彩盒,锁骨链+手链,17.68,,1套/盒,=G897*F897,78,=J897*G897,6975624821727,0.15
N-H-411,/product_images/image_row_0898.jpg,FQ-暗黑系爱心吊坠牵引项圈,彩盒,项圈+链（黑色）,9.88,,1套/盒,=G898*F898,58,=J898*G898,6975624821710,0.1
N-H-412,/product_images/image_row_0899.jpg,FQ-蝴蝶结蕾丝锁骨链,彩盒,黑色,4.94,,1个/盒,=G899*F899,38,=J899*G899,6975624821703,0.1
N-H-413,/product_images/image_row_0900.jpg,FQ-纯欲蕾丝蝴蝶结韩版锁骨链 米白,彩盒,白色,4.55,,1个/盒,=G900*F900,38,=J900*G900,6975624821697,0.1
N-H-414,/product_images/image_row_0901.jpg,FQ-纯欲蕾丝蝴蝶结韩版锁骨链 黑,彩盒,黑色,4.55,,1个/盒,=G901*F901,38,=J901*G901,6975624823240,0.1
N-H-419,/product_images/image_row_0902.jpg,FQ-情趣胸链时尚美胸神器,彩盒,胸链,9.36,,1个/盒,=G902*F902,58,=J902*G902,6975624821680,0.2
N-H-420,/product_images/image_row_0903.jpg,FQ-情趣丝绸眼罩束缚绑带两用,彩盒,红色,5.265,,1个/盒,=G903*F903,38,=J903*G903,6975624821673,0.1
N-H-421,/product_images/image_row_0904.jpg,FQ-纯欲风性感蕾丝眼罩 黑,彩盒,黑色,3.51,,1个/盒,=G904*F904,38,=J904*G904,6975624821550,0.1
N-H-422,/product_images/image_row_0905.jpg,FQ-纯欲风性感蕾丝眼罩 白,彩盒,白色,3.51,,1个/盒,=G905*F905,38,=J905*G905,6975624823011,0.1
N-H-423,/product_images/image_row_0906.jpg,FQ-性感蕾丝花边眼罩 红,彩盒,红色,3.9,,1个/盒,=G906*F906,38,=J906*G906,6975624822571,0.1
N-H-424,/product_images/image_row_0907.jpg,FQ-情趣半遮面罩黑色蕾丝镂空面具,彩盒,黑色,3.51,,1个/盒,=G907*F907,38,=J907*G907,6975624822588,0.1
N-H-430,/product_images/image_row_0908.jpg,FQ-网红COS猫耳朵铃铛发箍 粉,彩盒,粉色,5.98,,1个/盒,=G908*F908,48,=J908*G908,6975624822595,0.15
N-H-431,/product_images/image_row_0909.jpg,FQ-网红COS猫耳朵铃铛发箍 黑,彩盒,黑色,5.98,,1个/盒,=G909*F909,48,=J909*G909,6975624823042,0.15
N-H-440,/product_images/image_row_0910.jpg,FQ-SM口球乳夹情趣调教,彩盒,乳夹+口塞,9.75,,1套/盒,=G910*F910,58,=J910*G910,6975624822601,0.16
N-H-441,/product_images/image_row_0911.jpg,FQ-SM蒙眼束缚口塞寻奴调教,彩盒,眼罩+口塞,5.98,,1套/盒,=G911*F911,48,=J911*G911,6975624822618,0.16
N-H-442,/product_images/image_row_0912.jpg,FQ-SM情趣毛绒捆绑手铐 粉,彩盒,粉色,6.37,,1对/盒,=G912*F912,48,=J912*G912,6975624822625,0.16
N-H-443,/product_images/image_row_0913.jpg,FQ-SM情趣毛绒捆绑手铐 黑,彩盒,黑色,6.37,,1对/盒,=G913*F913,48,=J913*G913,6975624823202,0.16
N-H-444,/product_images/image_row_0914.jpg,FQ-SM情趣毛绒捆绑手铐 红,彩盒,红色,6.37,,1对/盒,=G914*F914,48,=J914*G914,6975624823219,0.16
N-H-445,/product_images/image_row_0915.jpg,FERQU-情趣毛绒捆绑七件套 红,彩盒,红色,21.19,,1套/盒,=G915*F915,198,=J915*G915,6975624822540,0.5
N-H-446,/product_images/image_row_0916.jpg,FERQU-情趣毛绒捆绑七件套 黑,彩盒,黑色,21.19,,1套/盒,=G916*F916,198,=J916*G916,6975624823226,0.5
N-H-447,/product_images/image_row_0917.jpg,FERQU-情趣毛绒捆绑七件套 粉,彩盒,粉色,21.19,,1套/盒,=G917*F917,198,=J917*G917,6975624823233,0.5
N-H-450,/product_images/image_row_0918.jpg,FQ-SM自缚捆绑棉绳主仆调教 黑,彩盒,黑色,4.225,,1个/盒,=G918*F918,28,=J918*G918,6975624822632,0.16
N-H-451,/product_images/image_row_0919.jpg,FQ-SM自缚捆绑棉绳主仆调教 红,彩盒,红色,4.225,,1个/盒,=G919*F919,28,=J919*G919,6975624823172,0.16
N-H-452,/product_images/image_row_0920.jpg,FQ-SM自缚捆绑棉绳主仆调教 粉,彩盒,粉色,4.225,,1个/盒,=G920*F920,28,=J920*G920,6975624823189,0.16
N-H-453,/product_images/image_row_0921.jpg,FQ-SM嘴型张口器防咬情趣调教,彩盒,张口器,11.31,,1个/盒,=G921*F921,68,=J921*G921,6975624822649,0.16
N-H-458,/product_images/image_row_0922.jpg,FQ-SM捆绑静电绑带夫妻调教 红,彩盒,红色,6.37,,1个/盒,=G922*F922,28,=J922*G922,6975624822656,0.16
N-H-459,/product_images/image_row_0923.jpg,FQ-SM捆绑静电绑带夫妻调教 粉,彩盒,粉色,6.37,,1个/盒,=G923*F923,28,=J923*G923,6975624823158,0.16
N-H-460,/product_images/image_row_0924.jpg,FQ-SM捆绑静电绑带夫妻调教 黑,彩盒,黑色,6.37,,1个/盒,=G924*F924,28,=J924*G924,6975624823165,0.16
N-H-461,/product_images/image_row_0925.jpg,FQ-SM情趣口塞束缚反背手铐,彩盒,黑色,12.74,,1套/盒,=G925*F925,68,=J925*G925,6975624822663,0.16
N-H-462,/product_images/image_row_0926.jpg,FQ-SM束缚睡床绑带,彩盒,黑色,12.74,,1套/盒,=G926*F926,68,=J926*G926,6975624822670,0.16
N-H-465,/product_images/image_row_0927.jpg,FQ-SM情趣毛绒手铐角色扮演 红,彩盒,红色,6.37,,1套/盒,=G927*F927,38,=J927*G927,6975624822687,0.1
N-H-466,/product_images/image_row_0928.jpg,FQ-SM情趣毛绒手铐角色扮演 粉,彩盒,粉色,6.37,,1套/盒,=G928*F928,38,=J928*G928,6975624823134,0.1
N-H-467,/product_images/image_row_0929.jpg,FQ-SM情趣毛绒手铐角色扮演 黑,彩盒,黑色,6.37,,1套/盒,=G929*F929,38,=J929*G929,6975624823141,0.1
N-H-470,/product_images/image_row_0930.jpg,FQ-SM情趣兔尾巴金属肛塞 黑,彩盒,黑色,15.6,,1个/盒,=G930*F930,78,=J930*G930,6975624820751,0.1
N-H-471,/product_images/image_row_0931.jpg,FQ-SM情趣兔尾巴金属肛塞 紫,彩盒,紫色,15.6,,1个/盒,=G931*F931,78,=J931*G931,6975624822953,0.1
N-H-472,/product_images/image_row_0932.jpg,FQ-SM情趣兔尾巴金属肛塞 红,彩盒,红色,15.6,,1个/盒,=G932*F932,78,=J932*G932,6975624822960,0.1
N-H-473,/product_images/image_row_0933.jpg,FQ-SM情趣兔尾巴金属肛塞 粉,彩盒,粉色,15.6,,1个/盒,=G933*F933,78,=J933*G933,6975624822977,0.1
N-H-474,/product_images/image_row_0934.jpg,FQ-SM情趣真毛狐娘金属肛塞细尾巴 白,彩盒,白色,14.17,,1个/盒,=G934*F934,99,=J934*G934,6975624823028,0.1
N-H-475,/product_images/image_row_0935.jpg,FQ-SM情趣真毛狐娘金属肛塞细尾巴 黑,彩盒,黑色,14.17,,1个/盒,=G935*F935,99,=J935*G935,6975624820768,0.1
N-H-476,/product_images/image_row_0936.jpg,FQ-SM情趣真毛狐娘金属肛塞细尾巴 红,彩盒,红色,14.17,,1个/盒,=G936*F936,99,=J936*G936,6975624823035,0.1
N-H-477,/product_images/image_row_0937.jpg,FQ-SM情趣震动尾巴,5号电池2节,黑色,29.575,,1个/盒,=G937*F937,85,=J937*G937,6975624820775,0.5
N-H-478,/product_images/image_row_0938.jpg,FQ-SM情趣双铃铛乳夹阴夹,彩盒,随机,4.94,,1对/盒,=G938*F938,35,=J938*G938,6975624820782,0.1
N-H-479,/product_images/image_row_0939.jpg,FQ-SM羽毛乳夹球情趣调教 红,彩盒,红色,11.31,,1对/盒,=G939*F939,48,=J939*G939,6975624820799,0.1
N-H-480,/product_images/image_row_0940.jpg,FQ-SM羽毛乳夹球情趣调教 紫,彩盒,紫色,11.31,,1对/盒,=G940*F940,48,=J940*G940,6975624822984,0.1
N-H-481,/product_images/image_row_0941.jpg,FQ-SM羽毛乳夹球情趣调教 粉,彩盒,粉色,11.31,,1对/盒,=G941*F941,48,=J941*G941,6975624822991,0.1
N-H-482,/product_images/image_row_0942.jpg,FQ-SM羽毛乳夹球情趣调教 黑,彩盒,黑色,11.31,,1对/盒,=G942*F942,48,=J942*G942,6975624823004,0.1
N-H-483,/product_images/image_row_0943.jpg,FQ-SM调情羽毛拍,袋,黑色,13.975,,1个/袋,=G943*F943,68,=J943*G943,6975624820805,0.05
N-H-484,/product_images/image_row_0944.jpg,FQ-SM情趣调情羽毛棒,袋,随机,7.085,,1个/袋,=G944*F944,45,=J944*G944,6975624820812,0.025
N-H-485,/product_images/image_row_0945.jpg,FQ-SM情趣调情短杆羽毛棒,彩盒,随机,5.655,,1个/盒,=G945*F945,38,=J945*G945,6975624820829,0.1
N-H-490,/product_images/image_row_0946.jpg,SM情趣低温蜡细长款,盒,三色,8.45,,3个/盒,=G946*F946,48,=J946*G946,6971580040110,0.1
N-H-491,/product_images/image_row_0947.jpg,SM情趣低温蜡烛铁盒款,盒,三色随机,10.4,,1个/盒,=G947*F947,48,=J947*G947,6971580040424,0.15
N-H-495,/product_images/image_row_0948.jpg,MizzZee-谜姬 涂鸦描体笔 马卡龙蓝（粉）,袋,随机,3.9,,1支/袋,=G948*F948,9.9,=J948*G948,6974408080619,0.05
N-H-500,/product_images/image_row_0949.jpg,FM-霏慕性感镂空透视网眼分体装6673蓝,卡纸自封袋,6673(短上衣+内裤),6.63,,1件/袋,=G949*F949,68,=J949*G949,6976309827072,0.07
N-H-501,/product_images/image_row_0950.jpg,FM-霏慕蕾丝花边网袜长筒袜7204白,卡纸自封袋,7204白,2.795,,1件/袋,=G950*F950,48,=J950*G950,6937486690002,0.07
N-H-502,/product_images/image_row_0951.jpg,FM-霏慕蝴蝶结网袜长筒网袜7205黑,卡纸自封袋,7205黑,4.875,,1件/袋,=G951*F951,68,=J951*G951,6937486672053,0.07
N-H-503,/product_images/image_row_0952.jpg,FM-霏慕条纹长筒袜丝袜7206黑,卡纸自封袋,7206黑,3.77,,1件/袋,=G952*F952,48,=J952*G952,6937486672060,0.07
N-H-504,/product_images/image_row_0953.jpg,FM-霏慕蝴蝶结长筒丝袜7207黑,卡纸自封袋,7207黑,4.485,,1件/袋,=G953*F953,48,=J953*G953,6937486672077,0.07
N-H-505,/product_images/image_row_0954.jpg,FM-霏慕蕾丝花边包芯丝长筒袜7209黑,卡纸自封袋,7209黑,6.5,,1件/袋,=G954*F954,68,=J954*G954,6937486672091,0.07
N-H-506,/product_images/image_row_0955.jpg,FM-霏慕蕾丝边长筒袜丝袜7210白,卡纸自封袋,7210白,5.07,,1件/袋,=G955*F955,48,=J955*G955,6937486690057,0.07
N-H-507,/product_images/image_row_0956.jpg,FM-霏慕蕾丝边长筒袜丝袜7210黑,卡纸自封袋,7210黑,5.07,,1件/袋,=G956*F956,48,=J956*G956,6937486672107,0.07
N-H-508,/product_images/image_row_0957.jpg,FM-霏慕超薄油光性感无边长筒袜7218黑（0918黑）,卡纸自封袋,"7218黑
0918黑",9.62,,1件/袋,=G957*F957,78,=J957*G957,6937486672183,0.08
N-H-509,/product_images/image_row_0958.jpg,FM-霏慕条纹长筒袜7221白边黑袜,卡纸自封袋,7221黑,5.2,,1件/袋,=G958*F958,48,=J958*G958,6937486672213,0.07
N-H-510,/product_images/image_row_0959.jpg,FM-霏慕ins风撞色袜边长筒袜7223红边黑袜,卡纸自封袋,7223黑,4.615,,1件/袋,=G959*F959,48,=J959*G959,6937486641301,0.07
N-H-511,/product_images/image_row_0960.jpg,FM-霏慕蕾丝花边硅胶防滑花边袜7235黑,卡纸自封袋,7235黑,11.7,,1件/袋,=G960*F960,88,=J960*G960,6937486672350,0.07
N-H-512,/product_images/image_row_0961.jpg,FM-霏慕平螺口长筒丝袜7241黑,卡纸自封袋,7241黑,3.9,,1件/袋,=G961*F961,48,=J961*G961,6937486672411,0.07
N-H-513,/product_images/image_row_0962.jpg,FM-霏慕网纱花边长筒丝袜7242黑,卡纸自封袋,7242黑,4.225,,1件/袋,=G962*F962,48,=J962*G962,6937486672428,0.07
N-H-514,/product_images/image_row_0963.jpg,FM-霏慕薄透狂野手撕连裤袜7301黑,卡纸自封袋,7301黑,4.225,,1件/袋,=G963*F963,48,=J963*G963,6937486673012,0.07
N-H-515,/product_images/image_row_0964.jpg,FM-霏慕比基尼开裆连裤袜7304黑,卡纸自封袋,7304黑,7.475,,1件/袋,=G964*F964,68,=J964*G964,6937486673043,0.07
N-H-516,/product_images/image_row_0965.jpg,FM-霏慕开裆超薄连裤袜丝袜7305黑,卡纸自封袋,7305黑,5.07,,1件/袋,=G965*F965,48,=J965*G965,6937486673050,0.07
N-H-517,/product_images/image_row_0966.jpg,FM-霏慕镂空开裆连裤袜7306黑,卡纸自封袋,7306黑,7.8,,1件/袋,=G966*F966,68,=J966*G966,6937486673067,0.07
N-H-518,/product_images/image_row_0967.jpg,FM-霏慕四开连裤袜7307黑,卡纸自封袋,7307黑,6.63,,1件/袋,=G967*F967,68,=J967*G967,6937486673074,0.07
N-H-519,/product_images/image_row_0968.jpg,FM-霏慕大网渔网连裤袜7312黑,卡纸自封袋,7312黑,3.9,,1件/袋,=G968*F968,48,=J968*G968,6937486673128,0.07
N-H-520,/product_images/image_row_0969.jpg,FM-霏慕网红天鹅绒字母连裤袜7317黑,卡纸自封袋,7317黑,15.73,,1件/袋,=G969*F969,88,=J969*G969,6937486673173,0.08
N-H-521,/product_images/image_row_0970.jpg,FM-霏慕T裆无痕丝袜闪光连裤袜7320黑,卡纸自封袋,7320黑,7.67,,1件/袋,=G970*F970,68,=J970*G970,6937486673203,0.07
N-H-522,/product_images/image_row_0971.jpg,FM-霏慕开档连裤丝袜7321黑,卡纸自封袋,7321黑,7.67,,1件/袋,=G971*F971,68,=J971*G971,6937486673210,0.07
N-H-523,/product_images/image_row_0972.jpg,FM-霏慕绣花吊带一体连裤网袜7335黑,卡纸自封袋,7335黑,6.5,,1件/袋,=G972*F972,68,=J972*G972,6937486673357,0.07
N-H-524,/product_images/image_row_0973.jpg,FM-霏慕超薄一线裆开档连裤袜7349黑,卡纸自封袋,7349黑,8.97,,1件/袋,=G973*F973,78,=J973*G973,6937486673494,0.07
N-H-525,/product_images/image_row_0974.jpg,FM-霏慕超薄闪光一线开裆连裤袜7350黑,卡纸自封袋,7350黑,7.67,,1件/袋,=G974*F974,78,=J974*G974,6937486673500,0.07
N-H-526,/product_images/image_row_0975.jpg,FM-霏慕花边吊带一体连裤网袜7364黑,卡纸自封袋,7364黑,11.635,,1件/袋,=G975*F975,88,=J975*G975,6937486673647,0.07
N-H-527,/product_images/image_row_0976.jpg,FM-霏慕千禧辣妹渐变连裤袜7367黑,卡纸自封袋,7367黑,9.425,,1件/袋,=G976*F976,78,=J976*G976,6974408088417,0.07
N-H-528,/product_images/image_row_0977.jpg,FM-霏慕性感透视火辣开裆连身袜7410黑,卡纸自封袋,7410黑,8.905,,1件/袋,=G977*F977,78,=J977*G977,6937486666915,0.07
N-H-529,/product_images/image_row_0978.jpg,FM-霏慕吊带网眼提花开裆连身袜7412黑,卡纸自封袋,7412黑,6.37,,1件/袋,=G978*F978,68,=J978*G978,6937486674125,0.07
N-H-530,/product_images/image_row_0979.jpg,FM-霏慕甜酷学妹网衣裙套装7441灰,卡纸自封袋,7441（网衣裙+领带+T裤+长筒袜）,22.36,,1件/袋,=G979*F979,99,=J979*G979,6937486674415,0.2
N-H-531,/product_images/image_row_0980.jpg,FM-霏慕吊带中网眼开档连身袜7503黑,卡纸自封袋,7503黑,3.77,,1件/袋,=G980*F980,68,=J980*G980,6937486675030,0.07
N-H-532,/product_images/image_row_0981.jpg,FM-霏慕假式内裤字母开裆连身袜7507黑,卡纸自封袋,7507黑,9.425,,1件/袋,=G981*F981,78,=J981*G981,6937486693034,0.07
N-H-533,/product_images/image_row_0982.jpg,FM-霏慕网眼提花开档连身袜7508黑,卡纸自封袋,7508黑,5.46,,1件/袋,=G982*F982,68,=J982*G982,6937486675085,0.07
N-H-534,/product_images/image_row_0983.jpg,FM-霏慕性感内衣全身开裆诱惑7513紫,卡纸自封袋,7513紫,10.53,,1件/袋,=G983*F983,78,=J983*G983,6937486690095,0.07
N-H-535,/product_images/image_row_0984.jpg,FM-霏慕大胆露背挂脖开档连身袜7517黑,卡纸自封袋,7517黑,5.98,,1件/袋,=G984*F984,68,=J984*G984,6937486675177,0.07
N-H-536,/product_images/image_row_0985.jpg,FM-霏慕优雅吊带露肩开档连身袜7540黑,卡纸自封袋,7540黑,6.76,,1件/袋,=G985*F985,68,=J985*G985,6937486675405,0.07
N-H-537,/product_images/image_row_0986.jpg,FM-霏慕露背全身一体网衣连身网袜7560黑,卡纸自封袋,7560黑,7.15,,1件/袋,=G986*F986,68,=J986*G986,6937486675603,0.07
N-H-538,/product_images/image_row_0987.jpg,FM-霏慕优雅提花假式连体衣开裆连身袜7567黑,卡纸自封袋,7567黑,9.425,,1件/袋,=G987*F987,78,=J987*G987,6937486675672,0.07
N-H-539,/product_images/image_row_0988.jpg,FM-霏慕狂野交叉束缚开裆连身袜7579黑,卡纸自封袋,7579黑,10.075,,1件/袋,=G988*F988,88,=J988*G988,6937486675795,0.07
N-H-540,/product_images/image_row_0989.jpg,FM-霏慕迷情竖条纹抹胸包臀裙7582黑,卡纸自封袋,7582黑,6.63,,1件/袋,=G989*F989,68,=J989*G989,6937486675825,0.07
N-H-541,/product_images/image_row_0990.jpg,FM-霏慕V线黑丝开裆连身袜7583黑,卡纸自封袋,7583黑,11.57,,1件/袋,=G990*F990,88,=J990*G990,6937486675832,0.07
N-H-542,/product_images/image_row_0991.jpg,FM-霏慕性感腿环长筒油亮黑丝袜8215黑,卡纸自封袋,8215黑,13.325,,1件/袋,=G991*F991,98,=J991*G991,6937486682151,0.07
N-H-543,/product_images/image_row_0992.jpg,FM-霏慕夜店御姐系带挂脖包臀裙6734灰,卡纸自封袋,6734炫彩灰（系带挂脖连衣裙+T裤）,27.95,,1件/袋,=G992*F992,158,=J992*G992,6937486667035,0.2
N-H-544,/product_images/image_row_0993.jpg,FM-霏慕古典水溶花刺绣露背旗袍6934灰,卡纸自封袋,6934灰（旗袍上衣-T裤）,22.425,,1件/袋,=G993*F993,158,=J993*G993,6937486669343,0.15
N-H-545,/product_images/image_row_0994.jpg,FM-霏慕风情诱惑秘书套装6967黑白,卡纸自封袋,6967（领带-衬衫-包臀裙-T裤）,26.325,,1件/袋,=G994*F994,158,=J994*G994,6937486669671,0.2
N-H-546,/product_images/image_row_0995.jpg,FM-霏慕系带露背秘书包臀裙7004黑白,卡纸自封袋,7004（露臀连衣裙+T裤）,13,,1件/袋,=G995*F995,88,=J995*G995,6974408088240,0.2
N-H-547,/product_images/image_row_0996.jpg,FM-霏慕性感露腰女警套装7045蓝,卡纸自封袋,7045（绑带式上衣-百褶短裙-T裤）,27.625,,1件/袋,=G996*F996,158,=J996*G996,6937486670455,0.25
N-H-548,/product_images/image_row_0997.jpg,FM-霏慕深V领制服空姐套装7944蓝白,卡纸自封袋,7944（空姐帽+领巾+短上衣+短裙+T裤）,20.475,,1件/袋,=G997*F997,158,=J997*G997,6937486679441,0.2
N-H-549,/product_images/image_row_0998.jpg,FM-霏慕甜美诱惑学生制服套装7962深蓝白,卡纸自封袋,7962（短上衣-百褶短裙-T裤）,19.37,,1件/袋,=G998*F998,158,=J998*G998,6937486679625,0.2
N-H-600,/product_images/image_row_0999.jpg,QY-取悦 欲箭如意拉珠（紫）入门,无,盒,11.7,,1个/盒,=G999*F999,78,=J999*G999,6922359300430,0.1
N-H-601,/product_images/image_row_1000.jpg,QY-取悦 欲箭倾心拉珠（紫）进化,无,盒,11.7,,1个/盒,=G1000*F1000,78,=J1000*G1000,6922359300447,0.1
N-H-602,/product_images/image_row_1001.jpg,QY-取悦 欲箭钟情拉珠（紫）进阶,无,盒,11.7,,1个/盒,=G1001*F1001,78,=J1001*G1001,6922359300454,0.1
N-H-603,/product_images/image_row_1002.jpg,QY-取悦 欲箭痴爱拉珠珠（紫）绝顶,无,盒,11.7,,1个/盒,=G1002*F1002,78,=J1002*G1002,6922359300461,0.1
N-H-604,/product_images/image_row_1003.jpg,QY-取悦 果冻后庭棒1号男女通用拉珠,无,盒,12.35,,2个/盒,=G1003*F1003,78,=J1003*G1003,6922359304643,0.2
N-H-605,/product_images/image_row_1004.jpg,QY-取悦 果冻后庭棒2号男女通用拉珠,无,盒,9.1,,1个/盒,=G1004*F1004,68,=J1004*G1004,6922359304650,0.2
N-H-606,/product_images/image_row_1005.jpg,QY-取悦 果冻后庭棒3号男女通用螺纹棒,无,盒,11.375,,1个/盒,=G1005*F1005,68,=J1005*G1005,6922359304667,0.2
G-I-001,/product_images/image_row_1006.jpg,水晶软胶396,无,盒,8.45,,一个/盒,=G1006*F1006,78,=J1006*G1006,6949116703563,0.17
G-I-003,/product_images/image_row_1007.jpg,水晶软胶399,无,盒,15.6,,一个/盒,=G1007*F1007,98,=J1007*G1007,6949116703594,0.29
G-I-004,/product_images/image_row_1008.jpg,男用软胶416,无,盒,11.05,,一个/盒,=G1008*F1008,78,=J1008*G1008,6949116704539,0.36
G-I-005,/product_images/image_row_1009.jpg,男用软胶416B,无,盒,11.05,,一个/盒,=G1009*F1009,78,=J1009*G1009,6949116704454,0.35
G-I-006,/product_images/image_row_1010.jpg,男用软胶417,无,盒,12.35,,一个/盒,=G1010*F1010,78,=J1010*G1010,6949116704546,0.35
G-I-007,/product_images/image_row_1011.jpg,男用软胶418,无,盒,14.17,,一个/盒,=G1011*F1011,88,=J1011*G1011,6949116704553,0.4
G-I-008,/product_images/image_row_1012.jpg,男用软胶418B,无,盒,14.17,,一个/盒,=G1012*F1012,88,=J1012*G1012,6949116704478,0.4
G-I-009,/product_images/image_row_1013.jpg,男用软胶420,无,盒,15.6,,一个/盒,=G1013*F1013,98,=J1013*G1013,6949116704577,0.43
G-I-011,/product_images/image_row_1014.jpg,极致名器飞机杯,无,盒,8.45,,一个/盒,=G1014*F1014,78,=J1014*G1014,6949116705130,0.25
G-I-014,/product_images/image_row_1015.jpg,甜美小猫咪,5号电池2节,盒,35.75,,一个/盒,=G1015*F1015,198,=J1015*G1015,6949116700401,0.9
G-I-015,/product_images/image_row_1016.jpg,QSX-绝色闺蜜带皮纹仿真（无发声款）,无,盒,31.85,,一个/盒,=G1016*F1016,248,=J1016*G1016,6970553588260,1
G-I-016,/product_images/image_row_1017.jpg,QSX-爆乳女优,无,盒,60.97,,一个/盒,=G1017*F1017,298,=J1017*G1017,6970553588031,2.55
G-I-017,/product_images/image_row_1018.jpg,QSX-处女名器（处女膜熟女款）,无,盒,22.36,,一个/盒,=G1018*F1018,178,=J1018*G1018,6970553588772,0.52
G-I-018,/product_images/image_row_1019.jpg,QSX-初夜名器（处女膜幼女款）,无,盒,22.36,,一个/盒,=G1019*F1019,178,=J1019*G1019,6970553588758,0.48
G-I-019,/product_images/image_row_1020.jpg,QSX-艳女纯穴,无,盒,33.8,,一个/盒,=G1020*F1020,228,=J1020*G1020,6970553588789,1.3
G-I-020,/product_images/image_row_1021.jpg,QSX-黑腔名器の26岁型,无,盒,8.45,,一个/盒,=G1021*F1021,78,=J1021*G1021,6970553580264,0.25
G-I-021,/product_images/image_row_1022.jpg,QSX-女尤の名器 羞耻欲女,无,盒,8.45,,一个/盒,=G1022*F1022,78,=J1022*G1022,6970553580295,0.26
G-I-022,/product_images/image_row_1023.jpg,QSX-黑腔名器の少女型,无,盒,8.45,,一个/盒,=G1023*F1023,78,=J1023*G1023,6970553580301,0.26
G-I-023,/product_images/image_row_1024.jpg,QSX-黑腔名器の紧致型,无,盒,8.45,,一个/盒,=G1024*F1024,78,=J1024*G1024,6970553580318,0.25
G-I-027,/product_images/image_row_1025.jpg,QSX-性爱导师（美穴の名器系列）,无,盒,9.555,,一个/盒,=G1025*F1025,99,=J1025*G1025,6970553580288,0.25
G-I-028,/product_images/image_row_1026.jpg,QSX-偷情少妇（尤物の名器系列）,无,盒,9.555,,一个/盒,=G1026*F1026,99,=J1026*G1026,6970553580332,0.3
G-I-032,/product_images/image_row_1027.jpg,QSX-爱佳名器,无,盒,21.255,,一个/盒,=G1027*F1027,179,=J1027*G1027,6970553587751,0.6
G-I-033,/product_images/image_row_1028.jpg,QSX-发春娇娘,无,盒,21.255,,一个/盒,=G1028*F1028,179,=J1028*G1028,6970553585115,0.6
G-I-034,/product_images/image_row_1029.jpg,QSX-香舌之恋（美乳家庭教师）,无,盒,25.35,,一个/盒,=G1029*F1029,179,=J1029*G1029,6970553588413,0.5
G-I-035,/product_images/image_row_1030.jpg,QSX-纵欲娇娃,无,盒,30.875,,一个/盒,=G1030*F1030,258,=J1030*G1030,6970553588727,1.25
G-I-036,/product_images/image_row_1031.jpg,LALALU-千岛名器 伊美加奈,无,盒,15.6,,一个/盒,=G1031*F1031,198,=J1031*G1031,6975624822113,0.5
G-I-037,/product_images/image_row_1032.jpg,QSX-丰乳学妹,无,盒,18.2,,一个/盒,=G1032*F1032,179,=J1032*G1032,6970553588079,0.7
G-I-038,/product_images/image_row_1033.jpg,QSX-催眠女神,无,盒,27.3,,一个/盒,=G1033*F1033,188,=J1033*G1033,6970553588642,0.86
G-I-039,/product_images/image_row_1034.jpg,QSX-欲女名器,无,盒,24.05,,一个/盒,=G1034*F1034,178,=J1034*G1034,6970553588659,0.65
G-I-043,/product_images/image_row_1035.jpg,QSX-欲女翘臀,无,盒,25.35,,一个/盒,=G1035*F1035,218,=J1035*G1035,6974470560613,0.95
G-I-044,/product_images/image_row_1036.jpg,LALALU-双乳佳阴,无,盒,30.55,,一个/盒,=G1036*F1036,218,=J1036*G1036,6975624823257,1.2
G-I-045,/product_images/image_row_1037.jpg,QSX-童颜巨乳 双乳佳阴,5号电池2节,盒,35.425,,一个/盒,=G1037*F1037,228,=J1037*G1037,6970553580219,1.3
G-I-046,/product_images/image_row_1038.jpg,QSX-脱衣女郎,5号电池2节,盒,40.43,,一个/盒,=G1038*F1038,238,=J1038*G1038,6970553580455,1.25
G-I-047,/product_images/image_row_1039.jpg,QSX-45°玉女翘臀,5号电池2节,盒,30.81,,一个/盒,=G1039*F1039,218,=J1039*G1039,6970553580134,1.3
G-I-048,/product_images/image_row_1040.jpg,QSX-爆欲の学妹,无,盒,22.685,,一个/盒,=G1040*F1040,168,=J1040*G1040,6970553588819,0.62
G-I-049,/product_images/image_row_1041.jpg,QSX-激情姊妹,无,盒,25.48,,一个/盒,=G1041*F1041,179,=J1041*G1041,6970553588918,0.72
G-I-050,/product_images/image_row_1042.jpg,QSX-纯欲学妹（御姐榨汁）,无,盒,27.3,,一个/盒,=G1042*F1042,188,=J1042*G1042,6970553582213,0.85
G-I-051,/product_images/image_row_1043.jpg,QSX-欲女迷情,无,盒,71.5,,一个/盒,=G1043*F1043,308,=J1043*G1043,6970553589021,2.6
G-I-052,/product_images/image_row_1044.jpg,QSX-高校学妹,无,盒,21.45,,一个/盒,=G1044*F1044,189,=J1044*G1044,6970553588888,0.55
G-I-053,/product_images/image_row_1045.jpg,QSX-人妻调教,无,盒,35.425,,一个/盒,=G1045*F1045,238,=J1045*G1045,6970553588994,1.3
G-I-054,/product_images/image_row_1046.jpg,QSX-雏女开苞,无,盒,48.75,,一个/盒,=G1046*F1046,278,=J1046*G1046,6975624820836,1.8
G-I-055,/product_images/image_row_1047.jpg,QSX-制服少女,无,盒,21.45,,一个/盒,=G1047*F1047,168,=J1047*G1047,6970553588956,0.62
G-I-056,/product_images/image_row_1048.jpg,QSX-文系女子,无,盒,31.2,,一个/盒,=G1048*F1048,238,=J1048*G1048,6975624820843,1.25
G-I-057,/product_images/image_row_1049.jpg,QSX-寂寞淫妻,无,盒,32.24,,一个/盒,=G1049*F1049,218,=J1049*G1049,6970553588932,0.92
G-I-058,/product_images/image_row_1050.jpg,QSX-女教师,无,盒,16.9,,一个/盒,=G1050*F1050,189,=J1050*G1050,6975624820850,0.65
G-I-059,/product_images/image_row_1051.jpg,QSX-绝代双骄,5号电池2节,盒,31.85,,一个/盒,=G1051*F1051,248,=J1051*G1051,6975624820867,1.25
G-I-060,/product_images/image_row_1052.jpg,QSX-耻辱身体,5号电池2节,盒,40.3,,一个/盒,=G1052*F1052,248,=J1052*G1052,6970553589014,1.25
G-I-061,/product_images/image_row_1053.jpg,QSX-缚の调教 玉手掰荷,无,盒,24.05,,一个/盒,=G1053*F1053,168,=J1053*G1053,6970553588826,0.65
G-I-062,/product_images/image_row_1054.jpg,LLL-家庭淫妇,无,盒,17.55,,一个/盒,=G1054*F1054,168,=J1054*G1054,6975624822533,0.68
G-J-048,/product_images/image_row_1055.jpg,QSX-少女美臀,5号电池2节,盒,35.425,,一个/盒,=G1055*F1055,228,=J1055*G1055,6970553851401,1.1
G-J-049,/product_images/image_row_1056.jpg,QSX-裙装情人,5号电池2节,盒,34.71,,一个/盒,=G1056*F1056,238,=J1056*G1056,6970553580462,1.3
G-J-050,/product_images/image_row_1057.jpg,FERQU-双飞姐妹花5D,5号电池2节,盒,34.71,,一个/盒,=G1057*F1057,258,=J1057*G1057,6975624823264,1.25
G-J-051,/product_images/image_row_1058.jpg,QSX-激情小姨（露西翘臀）,无,盒,57.395,,一个/盒,=G1058*F1058,268,=J1058*G1058,6970553580202,2.25
G-J-052,/product_images/image_row_1059.jpg,QSX-美臀公主,无,盒,53.17,,一个/盒,=G1059*F1059,198,=J1059*G1059,6970553580158,2.1
G-J-053,/product_images/image_row_1060.jpg,QSX-邻家小妹（无发音款）,无,盒,46.15,,一个/盒,=G1060*F1060,268,=J1060*G1060,6970553580080,1.9
G-J-054,/product_images/image_row_1061.jpg,QSX-蜜汁美穴（玉女抓阴）,无,盒,49.27,,一个/盒,=G1061*F1061,199,=J1061*G1061,6970553580172,1.6
G-J-055,/product_images/image_row_1062.jpg,QSX-俏女摸阴,无,盒,16.64,,一个/盒,=G1062*F1062,189,=J1062*G1062,6970553589656,0.45
G-J-056,/product_images/image_row_1063.jpg,QSX-猎艳猫娘（花姿名器）,无,盒,20.54,,一个/盒,=G1063*F1063,199,=J1063*G1063,6970553589649,0.55
G-J-057,/product_images/image_row_1064.jpg,LLL-黛丝娇娃,无,盒,136.5,,一套/盒,=G1064*F1064,299,=J1064*G1064,6975624820010,5
G-J-058,/product_images/image_row_1065.jpg,QSX-公众欲情触感发音新款,内含发音,盒,91,,一个/盒,=G1065*F1065,368,=J1065*G1065,6970553588802,2.2
G-J-059,/product_images/image_row_1066.jpg,QSX-挑逗美妻（熟妹名器）,无,盒,18.07,,一个/盒,=G1066*F1066,189,=J1066*G1066,6970553588796,0.62
G-J-060,/product_images/image_row_1067.jpg,QSX-召使的诱惑发音新款爆款,内含发音,盒,55.9,,一个/盒,=G1067*F1067,268,=J1067*G1067,6970553588673,1.3
G-J-061,/product_images/image_row_1068.jpg,QSX-诱惑天使 新款,无,盒,136.5,,一个/盒,=G1068*F1068,468,=J1068*G1068,6970553588406,4.1
G-J-062,/product_images/image_row_1069.jpg,QSX-黛妮美臀,无,盒,130,,一个/盒,=G1069*F1069,398,=J1069*G1069,6970553589991,4.8
G-J-063,/product_images/image_row_1070.jpg,QSX-极品女模,无,盒,27.95,,一个/盒,=G1070*F1070,208,=J1070*G1070,6970553588161,0.58
G-J-064,/product_images/image_row_1071.jpg,QSX-蜜穴香唇,无,盒,27.95,,一个/盒,=G1071*F1071,208,=J1071*G1071,6970553588154,0.65
G-J-066,/product_images/image_row_1072.jpg,QSX-纹身女郎,无,盒,46.8,,一个/盒,=G1072*F1072,249,=J1072*G1072,6970553589625,1.9
G-J-067,/product_images/image_row_1073.jpg,QSX-爆潮少妇（玉手女郎）,无,盒,48.555,,一个/盒,=G1073*F1073,228,=J1073*G1073,6970553589632,1.45
G-J-069,/product_images/image_row_1074.jpg,QSX-安娜名器（红颜知己）,无,盒,25.35,,一个/盒,=G1074*F1074,258,=J1074*G1074,6970553584941,0.72
G-J-072,/product_images/image_row_1075.jpg,深喉女王 菊花妹妹（内附加温棒跳蛋）,USB充电,盒,34.45,,一个/盒,=G1075*F1075,159,=J1075*G1075,6971858540731,0.62
G-J-074,/product_images/image_row_1076.jpg,助勃器单配套装,无,盒,23.27,,一个/盒,=G1076*F1076,148,=J1076*G1076,6971858540830,0.38
G-J-076,/product_images/image_row_1077.jpg,YY-白领佳人,无,盒,8.45,,一个/盒,=G1077*F1077,78,=J1077*G1077,6972453095602,0.27
G-J-077,/product_images/image_row_1078.jpg,YY-娇羞女友,无,盒,8.45,,一个/盒,=G1078*F1078,78,=J1078*G1078,6972453096531,0.27
G-J-078,/product_images/image_row_1079.jpg,YY-亚优邻家小妹,无,盒,8.45,,一个/盒,=G1079*F1079,78,=J1079*G1079,6972453095268,0.25
G-J-079,/product_images/image_row_1080.jpg,YY-娇嫩学妹,无,盒,8.45,,一个/盒,=G1080*F1080,78,=J1080*G1080,6972453090706,0.25
G-J-082,/product_images/image_row_1081.jpg,YY-诱惑秘书名器,无,盒,10.27,,一个/盒,=G1081*F1081,88,=J1081*G1081,6972453099563,0.3
G-J-084,/product_images/image_row_1082.jpg,YY-少女球 体验美乳（带通道）,无,盒,8.84,,一个/盒,=G1082*F1082,98,=J1082*G1082,6972453098054,0.27
G-J-085,/product_images/image_row_1083.jpg,亚优 大波妹,5号电池2节,盒,14.17,,一个/盒,=G1083*F1083,138,=J1083*G1083,6972453098757,0.52
G-J-086,/product_images/image_row_1084.jpg,亚优 丰乳妹,5号电池2节,盒,14.17,,一个/盒,=G1084*F1084,138,=J1084*G1084,6972453095640,0.52
G-J-087,/product_images/image_row_1085.jpg,亚优 水帘洞,5号电池2节,盒,14.17,,一个/盒,=G1085*F1085,138,=J1085*G1085,6972453093400,0.4
G-J-088,/product_images/image_row_1086.jpg,亚优 桃花岛,5号电池2节,盒,14.17,,一个/盒,=G1086*F1086,138,=J1086*G1086,6972453093035,0.4
G-J-089,/product_images/image_row_1087.jpg,LLL-美娇娘,无,盒,12.35,,一个/盒,=G1087*F1087,148,=J1087*G1087,6975624820157,0.4
G-J-091,/product_images/image_row_1088.jpg,YY-清纯女郎,5号电池2节,盒,30.485,,一个/盒,=G1088*F1088,218,=J1088*G1088,6972453099600,0.82
G-J-092,/product_images/image_row_1089.jpg,YY-夜蒲少女,5号电池2节,盒,23.4,,一个/盒,=G1089*F1089,218,=J1089*G1089,6972453090508,0.68
G-J-093,/product_images/image_row_1090.jpg,YY-甜美女神,5号电池2节,盒,27.625,,一个/盒,=G1090*F1090,218,=J1090*G1090,6972453096289,0.74
G-J-094,/product_images/image_row_1091.jpg,YY-诱惑熟女,5号电池2节,盒,21.97,,一个/盒,=G1091*F1091,218,=J1091*G1091,6972453094094,0.56
G-J-095,/product_images/image_row_1092.jpg,YY-亚洲天后画皮娃娃,5号电池2节,盒,45.37,,一套/盒,=G1092*F1092,288,=J1092*G1092,6972453099327,1.15
G-J-097,/product_images/image_row_1093.jpg,YY-短裙妹 伊東千奈美,5号电池2节,盒,56.03,,一个/盒,=G1093*F1093,289,=J1093*G1093,6972453090027,1.6
G-J-098,/product_images/image_row_1094.jpg,YY-午夜人妻,5号电池2节,盒,56.03,,一个/盒,=G1094*F1094,289,=J1094*G1094,6972453098580,1.6
G-J-099,/product_images/image_row_1095.jpg,YY-莎拉女神,无,盒,42.51,,一个/盒,=G1095*F1095,299,=J1095*G1095,6972453090140,1.8
G-J-100,/product_images/image_row_1096.jpg,YY-东京主播,5号电池2节,盒,19.11,,一个/盒,=G1096*F1096,198,=J1096*G1096,6972453096661,0.55
G-J-101,/product_images/image_row_1097.jpg,YY-萝莉翘臀,5号电池2节,盒,55.9,,一个/盒,=G1097*F1097,289,=J1097*G1097,6972453097415,1.4
G-J-102,/product_images/image_row_1098.jpg,YY-新樱花穴,5号电池2节,盒,24.7,,一个/盒,=G1098*F1098,258,=J1098*G1098,6972453098689,0.8
G-J-104,/product_images/image_row_1099.jpg,亚优 西班牙女郎 发声震动机芯,5号电池4节,盒,33.8,,一个/盒,=G1099*F1099,169,=J1099*G1099,6972453092304,0.97
G-J-105,/product_images/image_row_1100.jpg,YY-校园女仆,5号电池2节,盒,33.8,,一个/盒,=G1100*F1100,218,=J1100*G1100,6972453098931,0.83
G-J-106,/product_images/image_row_1101.jpg,YY-翘臀女王,5号电池2节,盒,33.8,,一个/盒,=G1101*F1101,218,=J1101*G1101,6972453096524,0.87
G-J-107,/product_images/image_row_1102.jpg,YY-纯真伊娃,5号电池2节,盒,33.8,,一个/盒,=G1102*F1102,218,=J1102*G1102,6972453097002,0.84
G-J-108,/product_images/image_row_1103.jpg,YY-火辣少妇,5号电池2节,盒,40.95,,一个/盒,=G1103*F1103,258,=J1103*G1103,6972453095428,1.35
G-K-111,/product_images/image_row_1104.jpg,亚优 3D私密情人,5号电池2节,盒,31.2,,一个/盒,=G1104*F1104,248,=J1104*G1104,6972453092823,0.87
G-K-112,/product_images/image_row_1105.jpg,亚优 甜美主播,5号电池2节,盒,27.3,,一个/盒,=G1105*F1105,238,=J1105*G1105,6972453096746,0.7
G-K-113,/product_images/image_row_1106.jpg,YY-18岁系列免提飞机杯,无,盒,27.3,,一个/盒,=G1106*F1106,248,=J1106*G1106,6972453090256,0.6
G-K-114,/product_images/image_row_1107.jpg,YAYO-诱惑OL震动发声,7号电池2节,盒,52,,一个/盒,=G1107*F1107,268,=J1107*G1107,6972453092069,1.35
G-K-116,/product_images/image_row_1108.jpg,MizzZee-谜姬炫彩手动飞机杯,无,盒,16.185,,一个/盒,=G1108*F1108,148,=J1108*G1108,6937486616392,0.3
G-K-117,/product_images/image_row_1109.jpg,BR-A8免提飞机杯,无,盒,20.15,,一个/盒,=G1109*F1109,198,=J1109*G1109,6972422700193,0.52
G-K-118,/product_images/image_row_1110.jpg,BR-粉嫩蜜穴震动免提飞机杯,7号电池3节,盒,23.4,,一个/盒,=G1110*F1110,268,=J1110*G1110,6978222910039,0.55
G-K-119,/product_images/image_row_1111.jpg,BR-娇软蜜穴震动免提飞机杯,7号电池3节,盒,23.4,,一个/盒,=G1111*F1111,268,=J1111*G1111,6978222910015,0.55
G-K-120,/product_images/image_row_1112.jpg,飞机杯,无,盒,8.32,,一个/盒,=G1112*F1112,78,=J1112*G1112,6972422700094,0.28
G-K-121,/product_images/image_row_1113.jpg,大力神杯,7号电池3节,盒,14.95,,一个/盒,=G1113*F1113,156,=J1113*G1113,6972422700674,0.48
G-K-122,/product_images/image_row_1114.jpg,伸缩飞机杯,无,盒,6.825,,一个/盒,=G1114*F1114,78,=J1114*G1114,6972422700261,0.26
G-K-123,/product_images/image_row_1115.jpg,水蜜桃之恋,无,盒,7.8,,一个/盒,=G1115*F1115,78,=J1115*G1115,6975624821086,0.28
G-K-125,/product_images/image_row_1116.jpg,卡通少女名器,无,盒,7.8,,一个/盒,=G1116*F1116,78,=J1116*G1116,6975624821109,0.29
G-K-126,/product_images/image_row_1117.jpg,卡通萝莉名器,无,盒,7.8,,一个/盒,=G1117*F1117,78,=J1117*G1117,6975624821116,0.29
G-K-132,/product_images/image_row_1118.jpg,BR-極上女器,无,盒,10.4,,一个/盒,=G1118*F1118,98,=J1118*G1118,6975624821123,0.27
G-K-133,/product_images/image_row_1119.jpg,BR-优伶名器,无,盒,13.65,,一个/盒,=G1119*F1119,168,=J1119*G1119,6978222910046,0.45
G-K-134,/product_images/image_row_1120.jpg,BR-欲優名器,无,盒,13.65,,一个/盒,=G1120*F1120,168,=J1120*G1120,6978222910077,0.45
G-K-135,/product_images/image_row_1121.jpg,BR-淫亂桃尻,无,盒,16.25,,一个/盒,=G1121*F1121,208,=J1121*G1121,6972422700162,0.72
G-K-136,/product_images/image_row_1122.jpg,LALALU-丰乳名器 巨乳应援,无,盒,14.95,,一个/盒,=G1122*F1122,208,=J1122*G1122,6975624821130,0.5
G-K-140,/product_images/image_row_1123.jpg,贝尔 小少妇,无,盒,13.325,,一个/盒,=G1123*F1123,128,=J1123*G1123,6978222910053,0.4
G-K-141,/product_images/image_row_1124.jpg,贝尔 小小少女,无,盒,13.325,,一个/盒,=G1124*F1124,128,=J1124*G1124,6978222910060,0.4
G-K-142,/product_images/image_row_1125.jpg,BR-画皮娃娃,5号电池4节,盒,37.7,,一个/盒,=G1125*F1125,278,=J1125*G1125,6972422700612,1.1
G-K-143,/product_images/image_row_1126.jpg,BR-迷你口交器,无,盒,19.5,,一个/盒,=G1126*F1126,198,=J1126*G1126,6959532311006,0.48
G-K-144,/product_images/image_row_1127.jpg,BR-爱妙伴侣,无,盒,48.75,,一个/盒,=G1127*F1127,288,=J1127*G1127,6972422700377,1.9
G-K-145,/product_images/image_row_1128.jpg,BR-美乳粉穴,5号电池2节,盒,13.65,,一个/盒,=G1128*F1128,198,=J1128*G1128,6972422700544,0.4
G-K-146,/product_images/image_row_1129.jpg,BR-樱花穴,5号电池2节,盒,17.55,,一个/盒,=G1129*F1129,198,=J1129*G1129,6972422700179,0.6
G-K-148,/product_images/image_row_1130.jpg,BR-乳之穴,5号电池2节,盒,18.2,,一个/盒,=G1130*F1130,198,=J1130*G1130,6972422700117,0.62
G-K-149,/product_images/image_row_1131.jpg,BR-大樱花穴,5号电池2节,盒,22.1,,一个/盒,=G1131*F1131,248,=J1131*G1131,6972422700353,0.8
G-K-150,/product_images/image_row_1132.jpg,BR-初恋之花,5号电池2节,盒,24.7,,一个/盒,=G1132*F1132,268,=J1132*G1132,6972422700131,0.76
G-K-151,/product_images/image_row_1133.jpg,BR-粉红女郎屁股,5号电池2节,盒,24.7,,一个/盒,=G1133*F1133,268,=J1133*G1133,6978222910008,0.85
G-K-152,/product_images/image_row_1134.jpg,BR-欲望女神,5号电池2节,盒,21.45,,一个/盒,=G1134*F1134,248,=J1134*G1134,6972422700100,0.75
G-K-154,/product_images/image_row_1135.jpg,樱花穴 蓝,5号电池2节,盒,17.55,,一套/盒,=G1135*F1135,169,=J1135*G1135,6978222910084,0.6
G-K-159,/product_images/image_row_1136.jpg,ALD-私密爱人 充气胶人 画皮娃娃,5号电池4节,盒,37.375,,一套/盒,=G1136*F1136,278,=J1136*G1136,6975624822090,1.7
G-K-160,/product_images/image_row_1137.jpg,ALD-性感女仆 充气娇娃 画皮娃娃,5号电池4节,盒,37.375,,一套/盒,=G1137*F1137,278,=J1137*G1137,6975624822106,1.7
G-K-161,/product_images/image_row_1138.jpg,FQ-萱儿宝贝 全头分体充气娃娃,5号电池4节,盒,62.4,,一套/盒,=G1138*F1138,298,=J1138*G1138,6975624822076,2.2
G-K-162,/product_images/image_row_1139.jpg,FQ-御姐邀约 手脚分体充气娃娃,5号电池4节,盒,74.1,,一套/盒,=G1139*F1139,358,=J1139*G1139,6975624822083,2.6
G-K-163,/product_images/image_row_1140.jpg,HD-甜心少妇 全头分体充气娃娃,5号电池4节,盒,63.7,,一套/盒,=G1140*F1140,298,=J1140*G1140,6977131040011,2.2
G-K-164,/product_images/image_row_1141.jpg,HD-御姐琳娜 手脚分体充气娃娃,5号电池4节,盒,78,,一套/盒,=G1141*F1141,358,=J1141*G1141,6977131040004,2.6
G-K-165,/product_images/image_row_1142.jpg,BR-女初分体娃娃,5号电池4节,盒,91,,一套/盒,=G1142*F1142,360,=J1142*G1142,6975624820904,2.6
G-K-166,/product_images/image_row_1143.jpg,BR-4D人型一体娃娃,5号电池4节,盒,104.65,,一套/盒,=G1143*F1143,380,=J1143*G1143,6975624820911,2.5
G-K-167,/product_images/image_row_1144.jpg,BR-全头充气娃娃,5号电池4节,盒,63.7,,一个/盒,=G1144*F1144,288,=J1144*G1144,6972422700124,2.2
G-K-168,/product_images/image_row_1145.jpg,无缝一体胸部注水口交娃娃,5号电池4节,盒,123.5,,一套/盒,=G1145*F1145,389,=J1145*G1145,6975624820935,2.4
G-K-169,/product_images/image_row_1146.jpg,无手脚分体娃娃,5号电池4节,盒,70.2,,一套/盒,=G1146*F1146,288,=J1146*G1146,6972453092656,2.2
G-K-170,/product_images/image_row_1147.jpg,ALD-甜心萌妻 手脚分体充气娃娃,5号电池4节,盒,82.55,,一套/盒,=G1147*F1147,380,=J1147*G1147,6975624820881,2.6
G-K-171,/product_images/image_row_1148.jpg,ALD-学姐诱惑 口交一体充气娃娃,5号电池4节,盒,102.7,,一套/盒,=G1148*F1148,389,=J1148*G1148,6975624820898,2.8
G-K-173,/product_images/image_row_1149.jpg,YS-冰冰款 全头分体充气娃娃（红）,5号电池4节,盒,63.7,,一套/盒,=G1149*F1149,288,=J1149*G1149,6975624820966,2.2
G-K-174,/product_images/image_row_1150.jpg,YS-尤物款 全头一体无手脚充气娃娃,5号电池4节,盒,70.2,,一套/盒,=G1150*F1150,288,=J1150*G1150,6975624820973,2.2
G-K-175,/product_images/image_row_1151.jpg,HD-涩爱女友 全头一体无手脚充气娃娃,5号电池4节,盒,72.8,,一套/盒,=G1151*F1151,288,=J1151*G1151,6977131040042,2.2
G-K-176,/product_images/image_row_1152.jpg,HD-霸道女总裁 全头一体口交充气娃娃,5号电池4节,盒,74.75,,一套/盒,=G1152*F1152,288,=J1152*G1152,6977131040028,2.5
G-K-177,/product_images/image_row_1153.jpg,HD-纯欲天使 手脚一体充气娃娃,5号电池4节,盒,88.4,,一套/盒,=G1153*F1153,380,=J1153*G1153,6977131040035,3
G-K-178,/product_images/image_row_1154.jpg,HD-女王冰冰 手脚一体口交充气娃娃,5号电池4节,盒,105.95,,一套/盒,=G1154*F1154,380,=J1154*G1154,6977131040059,3
G-K-179,/product_images/image_row_1155.jpg,CZY-床第之欢,无,盒,15.6,,一个/盒,=G1155*F1155,158,=J1155*G1155,6975248660221,0.44
G-K-180,/product_images/image_row_1156.jpg,CZY-寂寞人妇,无,盒,16.9,,一个/盒,=G1156*F1156,188,=J1156*G1156,6975248660016,0.46
G-K-182,/product_images/image_row_1157.jpg,CZY-护士情缘,无,盒,18.525,,一个/盒,=G1157*F1157,198,=J1157*G1157,6975248660283,0.48
G-K-183,/product_images/image_row_1158.jpg,CZY-红颜伴侣,无,盒,20.475,,一个/盒,=G1158*F1158,208,=J1158*G1158,6975248660399,0.515
G-K-185,/product_images/image_row_1159.jpg,CZY-白虎欲女,无,盒,23.4,,一个/盒,=G1159*F1159,268,=J1159*G1159,6975248660214,0.62
G-K-186,/product_images/image_row_1160.jpg,CZY-双穴幺妹,无,盒,24.7,,一个/盒,=G1160*F1160,288,=J1160*G1160,6975248660450,0.57
G-K-190,/product_images/image_row_1161.jpg,LILO-奶茶杯 阴交款飞机杯,无,盒,10.53,,1个/盒,=G1161*F1161,78,=J1161*G1161,6970556032838,0.3
G-K-191,/product_images/image_row_1162.jpg,LILO-樱子 口阴双穴飞机杯,无,盒,10.53,,1个/盒,=G1162*F1162,78,=J1162*G1162,6970556031800,0.3
G-K-192,/product_images/image_row_1163.jpg,LILO-DTY飞机杯 欧美美穴款,无,盒,20.15,,1个/盒,=G1163*F1163,98,=J1163*G1163,6970556032180,0.6
G-K-193,/product_images/image_row_1164.jpg,LILO-酷乐杯 四国语音智能震动飞机杯,内附USB充电线,盒,43.55,,1个/盒,=G1164*F1164,198,=J1164*G1164,6970556034900,0.7
G-K-194,/product_images/image_row_1165.jpg,LILO-来乐喵星人飞机杯手动版,无,盒,11.7,,1个/盒,=G1165*F1165,129,=J1165*G1165,6970556033385,0.5
G-K-195,/product_images/image_row_1166.jpg,LILO-电击八爪魔手男用锻炼器,无,盒,28.405,,1个/盒,=G1166*F1166,178,=J1166*G1166,6970556033873,0.5
G-L-200,/product_images/image_row_1167.jpg,FERQU-初苞咪咪,无,盒,7.41,,一个/盒,=G1167*F1167,138,=J1167*G1167,6975624820201,0.25
G-L-201,/product_images/image_row_1168.jpg,FERQU-少妇咪咪球,无,盒,7.41,,一个/盒,=G1168*F1168,138,=J1168*G1168,6975624820195,0.25
G-L-202,/product_images/image_row_1169.jpg,FERQU-狂野小妹,无,盒,7.41,,一个/盒,=G1169*F1169,138,=J1169*G1169,6975624820171,0.25
G-L-203,/product_images/image_row_1170.jpg,FERQU-冷艳娇妻,无,盒,7.41,,一个/盒,=G1170*F1170,138,=J1170*G1170,6975624820188,0.25
G-L-212,/product_images/image_row_1171.jpg,FERQU-粉嫩美娃,5号电池2节,盒,18.2,,一个/盒,=G1171*F1171,258,=J1171*G1171,6975624822144,0.49
G-L-213,/product_images/image_row_1172.jpg,FERQU-巨乳名媛,5号电池2节,盒,18.2,,一个/盒,=G1172*F1172,258,=J1172*G1172,6975624822120,0.51
G-L-214,/product_images/image_row_1173.jpg,FERQU-邻家娇妹,5号电池2节,盒,18.2,,一个/盒,=G1173*F1173,258,=J1173*G1173,6975624822151,0.54
G-L-215,/product_images/image_row_1174.jpg,FERQU-榨汁玉女,5号电池2节,盒,18.2,,一个/盒,=G1174*F1174,258,=J1174*G1174,6975624822137,0.5
G-L-216,/product_images/image_row_1175.jpg,FQ-蜜桃蜜穴,5号电池2节,盒,37.7,,一个/盒,=G1175*F1175,238,=J1175*G1175,6972453092564,1.3
G-L-217,/product_images/image_row_1176.jpg,FQ-姐妹花,5号电池2节,盒,38.35,,一个/盒,=G1176*F1176,288,=J1176*G1176,6972453097965,1.55
G-L-218,/product_images/image_row_1177.jpg,LLL-琪琪の大樱花穴,5号电池2节,盒,20.475,,一个/盒,=G1177*F1177,238,=J1177*G1177,6975624822557,0.8
G-L-219,/product_images/image_row_1178.jpg,LLL-娜娜の蜜桃粉穴,5号电池2节,盒,20.475,,一个/盒,=G1178*F1178,238,=J1178*G1178,6975624822564,0.8
G-L-220,/product_images/image_row_1179.jpg,FERQU-嫩模菲菲,无,盒,7.8,,一个/盒,=G1179*F1179,148,=J1179*G1179,6975624820454,0.28
G-L-221,/product_images/image_row_1180.jpg,FERQU-玫瑰仙子,无,盒,7.8,,一个/盒,=G1180*F1180,148,=J1180*G1180,6975624820089,0.28
G-L-222,/product_images/image_row_1181.jpg,FERQU-名模小美,无,盒,7.8,,一个/盒,=G1181*F1181,148,=J1181*G1181,6975624820461,0.28
G-L-223,/product_images/image_row_1182.jpg,FERQU-模特小雅,无,盒,7.8,,一个/盒,=G1182*F1182,148,=J1182*G1182,6975624820096,0.28
G-L-224,/product_images/image_row_1183.jpg,FQ-日系 欲望の牢狱,无,盒,7.8,,一个/盒,=G1183*F1183,138,=J1183*G1183,6975624820102,0.28
G-L-225,/product_images/image_row_1184.jpg,FQ-日系 巨体の强淫,无,盒,7.8,,一个/盒,=G1184*F1184,138,=J1184*G1184,6975624820447,0.28
G-L-226,/product_images/image_row_1185.jpg,FQ-日系 诱惑少妇,无,盒,7.8,,一个/盒,=G1185*F1185,138,=J1185*G1185,6975624820119,0.28
G-L-227,/product_images/image_row_1186.jpg,FQ-日系 风骚人妻,无,盒,7.8,,一个/盒,=G1186*F1186,138,=J1186*G1186,6975624820126,0.28
G-L-228,/product_images/image_row_1187.jpg,LLL-夜店女王,无,盒,13,,一个/盒,=G1187*F1187,188,=J1187*G1187,6975624820164,0.5
G-L-229,/product_images/image_row_1188.jpg,LLL-性感女神,无,盒,13,,一个/盒,=G1188*F1188,188,=J1188*G1188,6975624820324,0.5
G-L-235,/product_images/image_row_1189.jpg,QY-取悦 可视贯通自慰飞机杯 波纹型,无,盒,11.18,,一个/盒,=G1189*F1189,78,=J1189*G1189,6922359306623,0.2
G-L-236,/product_images/image_row_1190.jpg,QY-取悦 可视贯通自慰飞机杯 突点型,无,盒,11.18,,一个/盒,=G1190*F1190,78,=J1190*G1190,6922359306609,0.2
G-L-237,/product_images/image_row_1191.jpg,QY-取悦 爱援飞机杯 吮吸型,无,盒,10.53,,一个/盒,=G1191*F1191,78,=J1191*G1191,6922359306708,0.2
G-L-238,/product_images/image_row_1192.jpg,QY-取悦 爱援飞机杯 紧吸型,无,盒,10.53,,一个/盒,=G1192*F1192,78,=J1192*G1192,6922359306715,0.2
G-L-245,/product_images/image_row_1193.jpg,YCG-萌宠鱼趣倒模,无,盒,17.55,,一个/盒,=G1193*F1193,268,=J1193*G1193,6975624821017,0.56
G-M-253,/product_images/image_row_1194.jpg,YS-转校生名器,无,盒,7.15,,一个/盒,=G1194*F1194,88,=J1194*G1194,6975624821031,0.25
G-M-254,/product_images/image_row_1195.jpg,YS-爆乳小迷妹,无,盒,11.05,,一个/盒,=G1195*F1195,168,=J1195*G1195,6975624821048,0.38
G-M-263,/product_images/image_row_1196.jpg,YS-印度舞娘,无,盒,18.2,,一个/盒,=G1196*F1196,198,=J1196*G1196,6975624821055,0.55
G-M-279,/product_images/image_row_1197.jpg,AK-HOT女神聖器 秋山美砂,无,盒,13.65,,一个/盒,=G1197*F1197,128,=J1197*G1197,6937901518010,0.48
G-M-280,/product_images/image_row_1198.jpg,AK-HOT女神聖器 友田也香,无,盒,13.65,,一个/盒,=G1198*F1198,128,=J1198*G1198,6937901518034,0.4
G-M-285,/product_images/image_row_1199.jpg,白狐名器,内附跳蛋,盒,32.5,,一个/盒,=G1199*F1199,268,=J1199*G1199,6937901500855,0.67
G-M-286,/product_images/image_row_1200.jpg,黑天使 蓝琪儿,内附跳蛋,盒,32.5,,一个/盒,=G1200*F1200,268,=J1200*G1200,6937901500862,0.67
G-M-287,/product_images/image_row_1201.jpg,名器物语 优美子（美智子）,无,盒,20.8,,一个/盒,=G1201*F1201,198,=J1201*G1201,6986039901256,0.65
G-M-288,/product_images/image_row_1202.jpg,名器物语 奈美惠,无,盒,20.8,,一个/盒,=G1202*F1202,198,=J1202*G1202,6986039901232,0.65
G-M-289,/product_images/image_row_1203.jpg,AK-HOT白玫瑰,USB充电,盒,72.8,,一个/盒,=G1203*F1203,238,=J1203*G1203,6937901518171,0.86
G-M-290,/product_images/image_row_1204.jpg,AK-HOT黑玫瑰,7号电池2节,盒,48.1,,一个/盒,=G1204*F1204,208,=J1204*G1204,6949812034800,0.78
G-M-291,/product_images/image_row_1205.jpg,AK-HOT戴维斯 噢耶杯,内附跳蛋,盒,32.5,,一个/盒,=G1205*F1205,158,=J1205*G1205,6937901551253,0.5
G-M-292,/product_images/image_row_1206.jpg,HOT杯 白色免提款,无,盒,29.25,,一个/盒,=G1206*F1206,265,=J1206*G1206,6937901518232,0.85
G-M-303,/product_images/image_row_1207.jpg,MZY-赛拉美臀,5号电池2节,盒,28.6,,一个/盒,=G1207*F1207,188,=J1207*G1207,6975107430248,0.8
G-M-304,/product_images/image_row_1208.jpg,MZY-贝拉美穴,5号电池2节,盒,40.3,,一个/盒,=G1208*F1208,198,=J1208*G1208,6975107430255,1.05
G-M-305,/product_images/image_row_1209.jpg,MZY-纤手欲女,5号电池2节,盒,42.25,,一个/盒,=G1209*F1209,218,=J1209*G1209,6975107430354,1.25
G-M-306,/product_images/image_row_1210.jpg,MZY-凯莉蜜穴,5号电池2节,盒,46.8,,一个/盒,=G1210*F1210,258,=J1210*G1210,6975107430347,1.35
G-M-307,/product_images/image_row_1211.jpg,MZY-原真蜜穴(震动发音）,5号电池4节,盒,56.55,,一个/盒,=G1211*F1211,298,=J1211*G1211,6975107430262,1.75
G-M-308,/product_images/image_row_1212.jpg,MZY-嘟嘟免提自慰杯手动款,无,盒,26,,一个/盒,=G1212*F1212,198,=J1212*G1212,6975107430187,0.8
G-M-309,/product_images/image_row_1213.jpg,MZY-保龄球双头杯,无,盒,33.15,,一个/盒,=G1213*F1213,198,=J1213*G1213,6975107430323,0.8
G-M-310,/product_images/image_row_1214.jpg,MZY-莲花杯 挤压震动款,内附跳蛋,盒,34.45,,一个/盒,=G1214*F1214,198,=J1214*G1214,6975107430200,0.9
G-M-311,/product_images/image_row_1215.jpg,MZY-莲花杯 互动叫床挤压免提款,USB充电,盒,68.9,,一个/盒,=G1215*F1215,258,=J1215*G1215,6975107430217,0.9
G-M-312,/product_images/image_row_1216.jpg,MZY-霸道双头互动飞机杯,USB充电,盒,67.6,,一个/盒,=G1216*F1216,258,=J1216*G1216,6975107430231,0.9
G-M-313,/product_images/image_row_1217.jpg,MZY-曼蒂智能飞机杯（全触摸按键）,USB充电,盒,74.1,,一个/盒,=G1217*F1217,258,=J1217*G1217,6975107430224,0.8
G-M-314,/product_images/image_row_1218.jpg,MZY-鱼水交欢 智能互动免提挤压杯,USB充电,礼品盒,70.85,,一个/盒,=G1218*F1218,258,=J1218*G1218,6975107430309,1.2
G-M-333,/product_images/image_row_1219.jpg,FQ-伊魅飞机杯,无,盒,23.4,,一个/盒,=G1219*F1219,258,=J1219*G1219,6975624820003,0.542
G-M-340,/product_images/image_row_1220.jpg,MizzZee-谜姬 锻炼奶瓶名器 嫩乳妹妹,无,盒,9.555,,一个/盒,=G1220*F1220,78,=J1220*G1220,6976978541279,0.25
G-M-341,/product_images/image_row_1221.jpg,MizzZee-谜姬 松岛系列名器 松岛燕,无,盒,7.605,,一个/盒,=G1221*F1221,78,=J1221*G1221,6976978540159,0.25
G-M-350,/product_images/image_row_1222.jpg,MizzZee-谜姬 MINI手动飞机杯,无,盒,27.235,,一个/盒,=G1222*F1222,128,=J1222*G1222,6937486604177,0.5
G-M-351,/product_images/image_row_1223.jpg,MizzZee-谜姬 随爱双通道手动飞机杯,无,盒,29.77,,一个/盒,=G1223*F1223,128,=J1223*G1223,6937486614848,0.5
G-M-353,/product_images/image_row_1224.jpg,MizzZee-谜姬 震动发音计数飞机杯爱恋杯,内附USB充电线,盒,48.165,,一个/盒,=G1224*F1224,168,=J1224*G1224,6976978541941,0.6
G-M-354,/product_images/image_row_1225.jpg,MizzZee-谜姬 幻想001双震发音飞机杯,内附USB充电线,盒,65,,一个/盒,=G1225*F1225,198,=J1225*G1225,6937486619836,0.7
G-M-355,/product_images/image_row_1226.jpg,MizzZee-谜姬 末日拯救者双头语音震动计数飞机杯,内附USB充电线,盒,78,,一个/盒,=G1226*F1226,258,=J1226*G1226,6974408085058,0.7
G-M-360,/product_images/image_row_1227.jpg,Leten-雷霆暴风 手雷app互动爆震飞机杯,内附USB充电线,盒,87.23,,一个/盒,=G1227*F1227,258,=J1227*G1227,6977221096188,0.6
G-M-361,/product_images/image_row_1228.jpg,Leten-雷霆暴风 遛鸟智能飞机杯APP款,内附USB充电线,盒,87.23,,一个/盒,=G1228*F1228,258,=J1228*G1228,6977221096003,0.5
G-M-384,/product_images/image_row_1229.jpg,LALALU-苍井樱亚美,无,盒,8.45,,一个/盒,=G1229*F1229,128,=J1229*G1229,6975624821840,0.3
G-M-385,/product_images/image_row_1230.jpg,LALALU-痴女電車,无,盒,8.45,,一个/盒,=G1230*F1230,128,=J1230*G1230,6975624821888,0.3
G-M-386,/product_images/image_row_1231.jpg,LALALU-韩系JK学姐,无,盒,8.45,,一个/盒,=G1231*F1231,128,=J1231*G1231,6975624821857,0.3
G-M-387,/product_images/image_row_1232.jpg,LALALU-日系主播诱惑,无,盒,8.45,,一个/盒,=G1232*F1232,128,=J1232*G1232,6975624821833,0.3
G-M-388,/product_images/image_row_1233.jpg,LALALU-音響部屋中,无,盒,8.45,,一个/盒,=G1233*F1233,128,=J1233*G1233,6975624821871,0.3
G-M-389,/product_images/image_row_1234.jpg,LALALU-色欲俏佳人,无,盒,8.45,,一个/盒,=G1234*F1234,128,=J1234*G1234,6975624821864,0.3
G-M-392,/product_images/image_row_1235.jpg,LALALU-初恋物语名器,无,盒,13.65,,一个/盒,=G1235*F1235,178,=J1235*G1235,6975624821819,0.55
G-M-393,/product_images/image_row_1236.jpg,LALALU-恋爱启蒙名器,无,盒,13.65,,一个/盒,=G1236*F1236,178,=J1236*G1236,6975624821802,0.55
G-M-394,/product_images/image_row_1237.jpg,LALALU-护士诱惑名器,无,盒,17.55,,一个/盒,=G1237*F1237,238,=J1237*G1237,6975624821796,0.65
G-M-395,/product_images/image_row_1238.jpg,LALALU-成人礼性爱名器,无,盒,18.2,,一个/盒,=G1238*F1238,238,=J1238*G1238,6975624821826,0.68
G-M-401,/product_images/image_row_1239.jpg,FQ-情趣尤物,无,盒,16.25,,一个/盒,=G1239*F1239,159,=J1239*G1239,6975624822502,0.49
G-M-402,/product_images/image_row_1240.jpg,FQ-性感萝莉,无,盒,16.25,,一个/盒,=G1240*F1240,159,=J1240*G1240,6975624822519,0.49
G-M-403,/product_images/image_row_1241.jpg,FQ-泳装女神,无,盒,16.25,,一个/盒,=G1241*F1241,159,=J1241*G1241,6975624822526,0.53
G-M-404,/product_images/image_row_1242.jpg,FQ-跪姿翘臀,无,盒,34.45,,一个/盒,=G1242*F1242,238,=J1242*G1242,6975624820331,1.09
G-M-405,/product_images/image_row_1243.jpg,FQ-邻家姐姐,无,盒,48.75,,一个/盒,=G1243*F1243,298,=J1243*G1243,6975624821062,1.664
G-M-406,/product_images/image_row_1244.jpg,LLL-私密时间,无,盒,8.45,,一个/盒,=G1244*F1244,108,=J1244*G1244,6975624820133,0.2
G-M-407,/product_images/image_row_1245.jpg,LLL-人妻诱惑,无,盒,8.45,,一个/盒,=G1245*F1245,108,=J1245*G1245,6975624822052,0.23
G-M-408,/product_images/image_row_1246.jpg,LLL-校园生活,无,盒,8.45,,一个/盒,=G1246*F1246,108,=J1246*G1246,6975624822069,0.27
G-M-409,/product_images/image_row_1247.jpg,LLL-御姐诱惑,无,盒,8.45,,一个/盒,=G1247*F1247,108,=J1247*G1247,6975624820478,0.275
G-M-410,/product_images/image_row_1248.jpg,LLL-闺蜜诱惑,无,盒,8.45,,一个/盒,=G1248*F1248,108,=J1248*G1248,6975624820485,0.28
G-M-421,/product_images/image_row_1249.jpg,LLL-熟女美穴,无,盒,11.05,,一个/盒,=G1249*F1249,138,=J1249*G1249,6975624820270,0.4
G-M-422,/product_images/image_row_1250.jpg,LLL-嫩模挑逗,无,盒,11.05,,一个/盒,=G1250*F1250,138,=J1250*G1250,6975624820287,0.45
G-M-423,/product_images/image_row_1251.jpg,LLL-梦中情人,无,盒,11.05,,一个/盒,=G1251*F1251,138,=J1251*G1251,6975624820294,0.4
G-M-424,/product_images/image_row_1252.jpg,LLL-放荡小妹,无,盒,11.05,,一个/盒,=G1252*F1252,138,=J1252*G1252,6975624820140,0.45
G-M-431,/product_images/image_row_1253.jpg,LALALU-职场美娇娘,无,盒,10.4,,一个/盒,=G1253*F1253,158,=J1253*G1253,6975624821765,0.45
G-M-432,/product_images/image_row_1254.jpg,LALALU-校园波霸女神,无,盒,10.4,,一个/盒,=G1254*F1254,158,=J1254*G1254,6975624821772,0.45
G-M-433,/product_images/image_row_1255.jpg,LALALU-恋爱初体验,无,盒,10.4,,一个/盒,=G1255*F1255,158,=J1255*G1255,6975624821758,0.45
G-M-434,/product_images/image_row_1256.jpg,LALALU-邻家处女名器,无,盒,10.4,,一个/盒,=G1256*F1256,158,=J1256*G1256,6975624821789,0.45
G-M-436,/product_images/image_row_1257.jpg,FERQU-欲爱 人妻调教（口交阴交）,无,盒,23.4,,一个/盒,=G1257*F1257,298,=J1257*G1257,6975624822045,0.53
G-M-437,/product_images/image_row_1258.jpg,FERQU-极品 浴女小雨,无,盒,23.4,,一个/盒,=G1258*F1258,298,=J1258*G1258,6975624822038,0.67
G-M-438,/product_images/image_row_1259.jpg,FERQU-古风 美女的穴,无,盒,24.05,,一个/盒,=G1259*F1259,298,=J1259*G1259,6975624822021,0.7
G-M-439,/product_images/image_row_1260.jpg,FERQU-爆乳俏佳人,无,盒,25.35,,一个/盒,=G1260*F1260,298,=J1260*G1260,6975624822014,0.8
G-M-441,/product_images/image_row_1261.jpg,ALD-性感娇妻,5号电池2节,盒,23.4,,一个/盒,=G1261*F1261,298,=J1261*G1261,6974470560309,0.75
G-M-442,/product_images/image_row_1262.jpg,ALD-邻家波霸,5号电池2节,盒,23.4,,一个/盒,=G1262*F1262,298,=J1262*G1262,6975624822939,0.7
G-M-443,/product_images/image_row_1263.jpg,ALD-紧致玉女,5号电池2节,盒,23.4,,一个/盒,=G1263*F1263,298,=J1263*G1263,6975624822946,0.7
G-M-445,/product_images/image_row_1264.jpg,LLL-双穴初体验,无,盒,23.4,,一个/盒,=G1264*F1264,298,=J1264*G1264,6975624820072,0.53
G-M-446,/product_images/image_row_1265.jpg,LLL-清纯美少女,无,盒,23.4,,一个/盒,=G1265*F1265,298,=J1265*G1265,6975624820041,0.67
G-M-447,/product_images/image_row_1266.jpg,LLL-探花大波妹,无,盒,24.05,,一个/盒,=G1266*F1266,298,=J1266*G1266,6975624820058,0.7
G-M-448,/product_images/image_row_1267.jpg,LLL-欲爱女神,无,盒,25.35,,一个/盒,=G1267*F1267,298,=J1267*G1267,6975624820065,0.8
G-M-451,/product_images/image_row_1268.jpg,LLL-完美情人,无,盒,17.225,,一个/盒,=G1268*F1268,198,=J1268*G1268,6975624822007,0.53
G-M-452,/product_images/image_row_1269.jpg,LLL-高中教师,无,盒,17.225,,一个/盒,=G1269*F1269,198,=J1269*G1269,6975624820492,0.57
G-M-453,/product_images/image_row_1270.jpg,LLL-旗袍春光,无,盒,17.225,,一个/盒,=G1270*F1270,198,=J1270*G1270,6975624821987,0.53
G-M-454,/product_images/image_row_1271.jpg,LLL-裸体诱惑,无,盒,17.55,,一个/盒,=G1271*F1271,198,=J1271*G1271,6975624820508,0.53
G-M-455,/product_images/image_row_1272.jpg,LLL-初为人妻,无,盒,17.55,,一个/盒,=G1272*F1272,198,=J1272*G1272,6975624821970,0.53
G-M-456,/product_images/image_row_1273.jpg,LLL-翘臀MODEL,无,盒,17.55,,一个/盒,=G1273*F1273,198,=J1273*G1273,6975624821994,0.57
G-M-457,/product_images/image_row_1274.jpg,FERQU-蜜臀尤物（双穴）,无,盒,24.7,,一个/盒,=G1274*F1274,298,=J1274*G1274,6975624820225,0.9
G-M-458,/product_images/image_row_1275.jpg,FERQU-校园姐妹花（双飞）,无,盒,26.65,,一个/盒,=G1275*F1275,298,=J1275*G1275,6975624820232,1
G-M-459,/product_images/image_row_1276.jpg,FERQU-高校学姐（双穴）,无,盒,27.95,,一个/盒,=G1276*F1276,298,=J1276*G1276,6975624820218,1.1
G-M-460,/product_images/image_row_1277.jpg,FERQU-玉女双峰,无,盒,27.95,,一个/盒,=G1277*F1277,298,=J1277*G1277,6975624820249,1.1
G-M-461,/product_images/image_row_1278.jpg,LLL-双飞,5号电池2节,盒,44.85,,一个/盒,=G1278*F1278,358,=J1278*G1278,6974470566820,1.7
G-M-462,/product_images/image_row_1279.jpg,LLL-幻臀,5号电池2节,盒,48.75,,一个/盒,=G1279*F1279,358,=J1279*G1279,6974470563645,1.7
G-M-464,/product_images/image_row_1280.jpg,LLL-甜蜜情人,无,盒,17.55,,一个/盒,=G1280*F1280,218,=J1280*G1280,6975624820300,0.6
G-M-465,/product_images/image_row_1281.jpg,LLL-佳人相约,无,盒,17.55,,一个/盒,=G1281*F1281,218,=J1281*G1281,6975624820317,0.6
G-M-466,/product_images/image_row_1282.jpg,LLL-激情彻夜,无,盒,30.225,,一个/盒,=G1282*F1282,258,=J1282*G1282,6975624820379,1.2
G-M-467,/product_images/image_row_1283.jpg,LLL-今夜无眠,无,盒,49.4,,一个/盒,=G1283*F1283,288,=J1283*G1283,6974470560040,1.75
G-M-468,/product_images/image_row_1284.jpg,LLL-蜜爱美臀,无,盒,34.45,,一个/盒,=G1284*F1284,258,=J1284*G1284,6974470560057,1.2
G-M-471,/product_images/image_row_1285.jpg,LLL-蕾丝翘臀,无,盒,28.275,,一个/盒,=G1285*F1285,218,=J1285*G1285,6974470569739,1
G-M-472,/product_images/image_row_1286.jpg,LLL-美乳女上司,无,盒,29.575,,一个/盒,=G1286*F1286,218,=J1286*G1286,6974470566608,1.2
G-M-473,/product_images/image_row_1287.jpg,FERQU-二次元 月儿公主（4斤巨乳美穴）,无,盒,58.5,,一个/盒,=G1287*F1287,198,=J1287*G1287,6975624823417,2
G-M-474,/product_images/image_row_1288.jpg,FERQU-二次元 仙子入凡尘（5.6斤美臀）,无,盒,83.2,,一个/盒,=G1288*F1288,258,=J1288*G1288,6975624823431,2.8
G-M-475,/product_images/image_row_1289.jpg,FERQU-二次元 宗主很痒（6斤仿真阴臀）,无,盒,90.35,,一个/盒,=G1289*F1289,298,=J1289*G1289,6975624823424,3.1
G-M-476,/product_images/image_row_1290.jpg,FERQU-国风 大家闺秀(12斤仿真巨臀）,无,盒,165.75,,一个/盒,=G1290*F1290,388,=J1290*G1290,6975624823448,6.2
Q-N-001,/product_images/image_row_1291.jpg,海氏海诺早早孕,无,盒,2.275,,一人份/盒,=G1291*F1291,18,=J1291*G1291,6925923793195,0.02
Q-N-002,/product_images/image_row_1292.jpg,毓婷早早孕快速检测试笔,无,盒,3.445,,一人份/盒,=G1292*F1292,30,=J1292*G1292,6953123500763,0.08
Q-N-003,/product_images/image_row_1293.jpg,海氏海诺早早孕 测定试纸（胶体金法）卡型,无,盒,1.95,,一人份/盒,=G1293*F1293,25,=J1293*G1293,6972810102943,0.05
Q-N-004,/product_images/image_row_1294.jpg,海氏海诺早早孕 测定试纸（胶体金法）笔型,无,盒,2.925,,一人份/盒,=G1294*F1294,30,=J1294*G1294,6972810102936,0.07
Q-N-005,/product_images/image_row_1295.jpg,ZT-水晶套,无,盒,2.925,,1个/盒,=G1295*F1295,25,=J1295*G1295,6949116701514,0.075
Q-N-006,/product_images/image_row_1296.jpg,加长增粗套,无,盒,5.2,,1个/盒,=G1296*F1296,35,=J1296*G1296,6949116704799,0.1
Q-N-007,/product_images/image_row_1297.jpg,兔子拇指震动器,内附电子,盒,12.025,,1个/盒,=G1297*F1297,38,=J1297*G1297,6949116701750,0.05
Q-N-009,/product_images/image_row_1298.jpg,ZT-0554螺纹高潮阴茎套,无,盒,5.525,,1个/盒,=G1298*F1298,45,=J1298*G1298,6949116706854,0.13
Q-N-010,/product_images/image_row_1299.jpg,ZT-0552玉米激情阴茎套,无,盒,5.525,,1个/盒,=G1299*F1299,45,=J1299*G1299,6949116706830,0.13
Q-N-011,/product_images/image_row_1300.jpg,第6感 6感劲风水晶狼牙套（盒装）,无,盒,2.6,,1个/盒,=G1300*F1300,25,=J1300*G1300,6932564452282,0.05
Q-N-012,/product_images/image_row_1301.jpg,第6感 6感旋风水晶狼牙套（盒装）,无,盒,2.6,,1个/盒,=G1301*F1301,25,=J1301*G1301,6932564452275,0.05
Q-N-013,/product_images/image_row_1302.jpg,第6感 6感飓风水晶狼牙套（盒装）,无,盒,2.6,,1个/盒,=G1302*F1302,25,=J1302*G1302,6932564452268,0.05
Q-N-014,/product_images/image_row_1303.jpg,第6感 6感暴风水晶狼牙套（盒装）,无,盒,2.6,,1个/盒,=G1303*F1303,25,=J1303*G1303,6932564452299,0.05
Q-N-015,/product_images/image_row_1304.jpg,MINGLIU-名流 水晶狼牙套（霸王套）,无,袋,2.1775,,1只装,=G1304*F1304,28,=J1304*G1304,6936296772335,0.05
Q-N-016,/product_images/image_row_1305.jpg,MINGLIU-名流 水晶狼牙套（蛟龙套）,无,袋,2.1775,,1只装,=G1305*F1305,28,=J1305*G1305,6936296772342,0.05
Q-N-017,/product_images/image_row_1306.jpg,MINGLIU-名流 水晶狼牙套（战神套）,无,袋,2.1775,,1只装,=G1306*F1306,28,=J1306*G1306,6936296772328,0.05
Q-N-018,/product_images/image_row_1307.jpg,MINGLIU-名流 水晶狼牙套（G点款）,无,袋,2.1775,,1只装,=G1307*F1307,28,=J1307*G1307,6936296772083,0.05
Q-N-019.1,/product_images/image_row_1308.jpg,杰士邦 super系列飞机蛋-紧致款(JSFJDJ)红,无,盒,20.02,,1个/盒,=G1308*F1308,129,=J1308*G1308,6973974749067,0.2
Q-N-019.2,/product_images/image_row_1309.jpg,杰士邦 super系列飞机蛋-撩拨款(JSFJDL)黄,无,盒,20.8,,1个/盒,=G1309*F1309,129,=J1309*G1309,6973974749050,0.2
Q-N-019.3,/product_images/image_row_1310.jpg,杰士邦 super系列飞机蛋-刺激款(JSFJDC)紫,无,盒,21.45,,1个/盒,=G1310*F1310,129,=J1310*G1310,6973974749074,0.2
Q-N-020,/product_images/image_row_1311.jpg,RF-男子汉加长套,无,盒,6.175,,1个/盒,=G1311*F1311,48,=J1311*G1311,6976353430167,0.11
Q-N-021,/product_images/image_row_1312.jpg,RF-霸王驾到加长套,无,盒,6.175,,1个/盒,=G1312*F1312,48,=J1312*G1312,6976353430150,0.11
Q-N-022,/product_images/image_row_1313.jpg,RF-帝国骑士加长套,无,盒,3.9,,1个/盒,=G1313*F1313,38,=J1313*G1313,6975624821536,0.08
Q-N-023,/product_images/image_row_1314.jpg,RF-水晶套,无,盒,2.47,,1个/盒,=G1314*F1314,28,=J1314*G1314,6976353430006,0.07
Q-N-024,/product_images/image_row_1315.jpg,okamoto-冈本 成人健慰器（独乐丸-波纹型）,无,盒,27.95,,1个,=G1315*F1315,79,=J1315*G1315,4547691811936,0.2
Q-N-024.1,/product_images/image_row_1316.jpg,okamoto-冈本 成人健慰器（独乐丸-闪电型）,无,盒,27.95,,1个,=G1316*F1316,79,=J1316*G1316,4547691811929,0.2
Q-N-025,/product_images/image_row_1317.jpg,MizzZee-谜姬 国潮四神兽狼牙套 毕方,无,盒,4.095,,1个/盒,=G1317*F1317,25,=J1317*G1317,6974408087144,0.05
Q-N-026,/product_images/image_row_1318.jpg,MizzZee-谜姬 国潮四神兽狼牙套 麒麟,无,盒,4.095,,1个/盒,=G1318*F1318,25,=J1318*G1318,6974408087113,0.05
Q-N-027,/product_images/image_row_1319.jpg,HQ-甲壳虫震动环,无,盒,12.35,,1个/盒,=G1319*F1319,58,=J1319*G1319,6939068912038,0.04
Q-N-028,/product_images/image_row_1320.jpg,HQ-外星人震动环,无,盒,12.35,,1个/盒,=G1320*F1320,58,=J1320*G1320,6939068922037,0.04
Q-N-029,/product_images/image_row_1321.jpg,MizzZee-谜姬 锁精QQ环,无,袋,1.0595,,1个/袋,=G1321*F1321,18,=J1321*G1321,6937486616927,0.05
Q-N-030,/product_images/image_row_1322.jpg,MizzZee-谜姬 锁精环加时套环 萌兔款,无,盒,6.37,,1个/盒,=G1322*F1322,28,=J1322*G1322,6976309822473,0.05
Q-N-033,/product_images/image_row_1323.jpg,HQ-兔耳朵振动环,无,盒,3.9,,1个/盒,=G1323*F1323,28,=J1323*G1323,6939068928855,0.04
Q-N-034,/product_images/image_row_1324.jpg,HQ-舌尖震动环,无,盒,3.9,,1个/盒,=G1324*F1324,28,=J1324*G1324,6939068900929,0.04
Q-N-200,/product_images/image_row_1325.jpg,QY-玩爆潮品 锁紧环 男用锁茎环袋装,无,袋,1.04,,1个/袋,=G1325*F1325,15,=J1325*G1325,6922359306845,0.04
Q-N-201,/product_images/image_row_1326.jpg,QY-玩爆潮品 激战紧锁环 环纹透明,无,盒,3.055,,1个/盒,=G1326*F1326,25,=J1326*G1326,6922359306517,0.04
Q-N-202,/product_images/image_row_1327.jpg,QY-玩爆潮品 三支龙珠套 男用锁紧环,无,盒,3.055,,3个/盒,=G1327*F1327,25,=J1327*G1327,6922359306579,0.04
Q-N-203,/product_images/image_row_1328.jpg,QY-玩爆潮品 两支莲花套 透明水晶款,无,盒,4.16,,2个/盒,=G1328*F1328,28,=J1328*G1328,6922359307002,0.04
Q-N-204,/product_images/image_row_1329.jpg,QY-取悦 五寸鸟锁棒环 透明黑,无,盒,6.175,,1个/盒,=G1329*F1329,38,=J1329*G1329,6922359303080,0.04
Q-N-206,/product_images/image_row_1330.jpg,QY-取悦 男根锁紧环A组合 透明黑,无,盒,7.02,,4个/盒,=G1330*F1330,48,=J1330*G1330,6922359304452,0.04
Q-N-207,/product_images/image_row_1331.jpg,QY-玩爆潮品 透气包皮环 包皮阻复透明款,无,盒,4.225,,2个/盒,=G1331*F1331,38,=J1331*G1331,6922359306487,0.04
Q-N-208,/product_images/image_row_1332.jpg,QY-玩爆潮品 透气包皮环 包皮阻复白色款,无,盒,5.72,,2个/盒,=G1332*F1332,38,=J1332*G1332,6922359306814,0.04
Q-N-209,/product_images/image_row_1333.jpg,QY-玩爆潮品 三支包皮环 男用包皮阻复环,无,盒,4.16,,3个/盒,=G1333*F1333,28,=J1333*G1333,6922359306906,0.04
Q-N-211,/product_images/image_row_1334.jpg,QY-玩爆潮品 鼎点水晶套 袋装透明款,无,袋,1.04,,1个/袋,=G1334*F1334,38,=J1334*G1334,6922359306876,0.04
Q-N-212,/product_images/image_row_1335.jpg,QY-玩爆潮品 鼎点龟头套 透明款2只装,无,盒,2.99,,2个/盒,=G1335*F1335,48,=J1335*G1335,6922359307026,0.08
Q-N-213,/product_images/image_row_1336.jpg,QY-取悦 揉珠龟头套 鳞片顶珠水晶套,无,盒,5.785,,2个/盒,=G1336*F1336,48,=J1336*G1336,6922359306470,0.08
Q-N-214,/product_images/image_row_1337.jpg,QY-玩爆潮品 降敏龟头套 透明款2只装,无,盒,4.225,,2个/盒,=G1337*F1337,48,=J1337*G1337,6922359306937,0.08
Q-N-215,/product_images/image_row_1338.jpg,QY-玩爆潮品 开口龟头套 透明款2只装,无,盒,4.55,,2个/盒,=G1338*F1338,48,=J1338*G1338,6922359307071,0.08
Q-N-216,/product_images/image_row_1339.jpg,QY-取悦 弹力龟头衣 左旋水晶套,无,盒,3.64,,1个/盒,=G1339*F1339,38,=J1339*G1339,6922359306074,0.04
Q-N-217,/product_images/image_row_1340.jpg,QY-取悦 弹力龟头衣 右旋水晶套,无,盒,3.64,,1个/盒,=G1340*F1340,38,=J1340*G1340,6922359306067,0.04
Q-N-218,/product_images/image_row_1341.jpg,QY-取悦 弹力龟头衣 龙须水晶套,无,盒,3.64,,1个/盒,=G1341*F1341,38,=J1341*G1341,6922359306050,0.04
Q-N-219,/product_images/image_row_1342.jpg,QY-取悦 弹力龟头衣 炮点水晶套,无,盒,3.64,,1个/盒,=G1342*F1342,38,=J1342*G1342,6922359306043,0.04
Q-N-220,/product_images/image_row_1343.jpg,QY-取悦 深层刺激龟头套 颗粒水晶套,无,盒,6.175,,2个/盒,=G1343*F1343,49,=J1343*G1343,6922359306395,0.05
Q-N-221,/product_images/image_row_1344.jpg,QY-取悦 浅层刺激龟头套 颗粒水晶套,无,盒,6.175,,2个/盒,=G1344*F1344,49,=J1344*G1344,6922359306388,0.05
Q-N-222,/product_images/image_row_1345.jpg,QY-玩爆潮品 朱雀水晶套 红盒,无,盒,2.99,,1个/盒,=G1345*F1345,25,=J1345*G1345,6922359307064,0.05
Q-N-223,/product_images/image_row_1346.jpg,QY-玩爆潮品 玄武水晶套 红盒,无,盒,2.99,,1个/盒,=G1346*F1346,25,=J1346*G1346,6922359307057,0.05
Q-N-224,/product_images/image_row_1347.jpg,QY-玩爆潮品 青龙水晶套 红盒,无,盒,2.99,,1个/盒,=G1347*F1347,25,=J1347*G1347,6922359307033,0.05
Q-N-225,/product_images/image_row_1348.jpg,QY-玩爆潮品 白虎水晶套 红盒,无,盒,2.99,,1个/盒,=G1348*F1348,25,=J1348*G1348,6922359307040,0.05
Q-N-226,/product_images/image_row_1349.jpg,QY-取悦 龙鳞水晶套 透明颗粒刺激,无,盒,6.89,,1个/盒,=G1349*F1349,38,=J1349*G1349,6922359302007,0.1
Q-N-227,/product_images/image_row_1350.jpg,QY-取悦 伏虎战将耐力水晶套 肤色,无,盒,6.5,,1个/盒,=G1350*F1350,48,=J1350*G1350,6922359302618,0.1
Q-N-228,/product_images/image_row_1351.jpg,QY-取悦 盘龙大帝耐力水晶套 透明黑,无,盒,6.5,,1个/盒,=G1351*F1351,48,=J1351*G1351,6922359302601,0.1
Q-N-229,/product_images/image_row_1352.jpg,QY-取悦 小钢炮 透明加长水晶套（65mm）,无,盒,11.7,,1个/盒,=G1352*F1352,78,=J1352*G1352,6922359305381,0.15
Q-N-230,/product_images/image_row_1353.jpg,QY-取悦 大钢炮 透明加长水晶套（100mm）,无,盒,11.7,,1个/盒,=G1353*F1353,78,=J1353*G1353,6922359305374,0.2
Q-N-231,/product_images/image_row_1354.jpg,QY-取悦 鱼脊套 透明水晶套,无,盒,9.75,,1个/盒,=G1354*F1354,78,=J1354*G1354,6922359306944,0.1
Q-N-299,/product_images/image_row_1355.jpg,乐一享三 有你随行 次抛纯棉内裤（女性L）,环氧乙烷灭菌,袋,19.5,,5条/包,=G1355*F1355,45,=J1355*G1355,6972810103278,0.13
Q-N-300,/product_images/image_row_1356.jpg,乐一享三 睡得安心 一次性旅行套装（四件套）,4件套,袋,15.6,,1套/袋,=G1356*F1356,38,=J1356*G1356,6972810103186,0.5
Q-N-301,/product_images/image_row_1357.jpg,乐一享三 浴见美好 一次性绵柔浴巾,70cm*140cm,袋,6.175,,1条/袋,=G1357*F1357,28,=J1357*G1357,6972810103209,0.1
Q-N-302,/product_images/image_row_1358.jpg,乐一享三 物理退热 儿童退热贴4贴装,医用级,盒,3.9,,4片/盒,=G1358*F1358,15,=J1358*G1358,6972810103506,0.08
Q-N-303,/product_images/image_row_1359.jpg,乐一享三 75%酒精湿巾10抽装,消毒用品,袋,1.95,,10片/包,=G1359*F1359,10,=J1359*G1359,6972810101311,0.08
Q-N-304,/product_images/image_row_1360.jpg,乐一享三 口腔抑菌液80ML,漱口水,瓶,4.42,,80ml/瓶,=G1360*F1360,15,=J1360*G1360,6972810102103,0.12
Q-N-320,/product_images/image_row_1361.jpg,乐一享三 75%酒精消毒液100ml,喷雾,瓶,4.03,,100ml/瓶,=G1361*F1361,20,=J1361*G1361,6972810101427,0.12
Q-N-322,/product_images/image_row_1362.jpg,海氏海诺 碘伏消毒液100ml,喷雾,瓶,4.875,,100ml/瓶,=G1362*F1362,20,=J1362*G1362,6925923786753,0.1
Q-N-323,/product_images/image_row_1363.jpg,海氏海诺 医用酒精消毒棉球,消毒棉球,瓶,2.86,,25粒/瓶,=G1363*F1363,15,=J1363*G1363,6925923791771,0.1
Q-N-324,/product_images/image_row_1364.jpg,海氏海诺 医用碘伏消毒棉球,消毒棉球,瓶,2.86,,25粒/瓶,=G1364*F1364,15,=J1364*G1364,6925923791702,0.1
Q-N-350,/product_images/image_row_1365.jpg,海氏海诺-创口贴 透明防水型6片装,创口贴,盒,1.495,,6片/盒,=G1365*F1365,10,=J1365*G1365,6925923791832,0.04
Q-N-351,/product_images/image_row_1366.jpg,海氏海诺-创口贴 卡通型8片装,创口贴,盒,1.82,,8片/盒,=G1366*F1366,10,=J1366*G1366,6925923791634,0.04
Q-N-352,/product_images/image_row_1367.jpg,海氏海诺-晕车快贴 耳根贴4片装,晕车贴,盒,3.055,,4片/盒,=G1367*F1367,15,=J1367*G1367,6925923793706,0.04
Q-N-353,/product_images/image_row_1368.jpg,海氏海诺-棉签 脱脂棉头单头竹棒(50支),单头10cm,袋,1.17,,50支/袋,=G1368*F1368,8,=J1368*G1368,6925923796158,0.04
Q-N-354,/product_images/image_row_1369.jpg,海氏海诺-弹力绷带 无纺布自粘型,2.5cm*4.5m,袋,1.885,,1个/袋,=G1369*F1369,10,=J1369*G1369,6925923779755,0.04
Q-N-355,/product_images/image_row_1370.jpg,海氏海诺-纱布绷带,6cm*6m,袋,2.08,,1个/袋,=G1370*F1370,10,=J1370*G1370,6925923782458,0.04
Q-N-370,/product_images/image_row_1371.jpg,海氏海诺-阴道洗涤器XDQ-B型（医用级）,医用级,盒,3.12,,1个/盒,=G1371*F1371,15,=J1371*G1371,6925923791900,0.04
Q-N-371,/product_images/image_row_1372.jpg,海氏海诺-抗HPV妇科凝胶（医用级）,抗HPV,盒,6.5,,1支/盒,=G1372*F1372,28,=J1372*G1372,6925923776549,0.05
Q-N-410,/product_images/image_row_1373.jpg,玩范 夫妻娱乐情趣摇签筒-生活篇（蓝）,塑封,桶,5.525,,22签/桶,=G1373*F1373,58,=J1373*G1373,6970872470284,0.1
Q-N-411,/product_images/image_row_1374.jpg,玩范 夫妻娱乐情趣摇签筒-情趣篇（粉）,塑封,桶,5.525,,22签/桶,=G1374*F1374,58,=J1374*G1374,6970872470277,0.1
Q-N-412,/product_images/image_row_1375.jpg,玩范 夫妻娱乐情趣摇签筒-激情篇（绿）,塑封,桶,5.525,,22签/桶,=G1375*F1375,58,=J1375*G1375,6970872470291,0.1
Q-N-413,/product_images/image_row_1376.jpg,玩范 情侣漫画浪嗨扑克-大胆爱（黑）,无,盒,3.12,,1副/盒,=G1376*F1376,20,=J1376*G1376,4897133790214,0.1
Q-N-414,/product_images/image_row_1377.jpg,玩范 情侣漫画浪嗨扑克-放肆爱（绿）,无,盒,3.12,,1副/盒,=G1377*F1377,20,=J1377*G1377,4897133790221,0.1
Q-N-415,/product_images/image_row_1378.jpg,玩范 卡通扑克床单故事-天字卷（黄）,无,盒,2.6,,1副/盒,=G1378*F1378,18,=J1378*G1378,6970872470673,0.1
Q-N-416,/product_images/image_row_1379.jpg,玩范 卡通扑克床单故事-地字卷（蓝）,无,盒,2.6,,1副/盒,=G1379*F1379,18,=J1379*G1379,6970872470031,0.1
Q-N-417,/product_images/image_row_1380.jpg,玩范 卡通扑克求爱约炮暗语秘籍（粉）,无,盒,2.6,,1副/盒,=G1380*F1380,18,=J1380*G1380,6970872470260,0.1
Q-N-418,/product_images/image_row_1381.jpg,玩范 夫妻情趣飞行棋-情趣篇袋装(简装版)紫,无,袋,4.55,,1副/袋,=G1381*F1381,38,=J1381*G1381,6970872470574,0.1
Q-N-419,/product_images/image_row_1382.jpg,玩范 夫妻情趣飞行棋-激情篇袋装(简装版)黄,无,袋,4.55,,1副/袋,=G1382*F1382,38,=J1382*G1382,6970872470567,0.1
Q-N-420,/product_images/image_row_1383.jpg,玩范 夫妻情趣飞行棋-生活篇(精装版)绿,塑封,盒,6.825,,1副/盒,=G1383*F1383,58,=J1383*G1383,6970872470437,0.1
Q-N-421,/product_images/image_row_1384.jpg,玩范 夫妻情趣飞行棋-情趣篇(精装版)紫,塑封,盒,6.825,,1副/盒,=G1384*F1384,58,=J1384*G1384,6970872470307,0.1
Q-N-422,/product_images/image_row_1385.jpg,玩范 夫妻情趣飞行棋-激情篇(精装版)橙,塑封,盒,6.825,,1副/盒,=G1385*F1385,58,=J1385*G1385,6970872470314,0.1
Q-N-423,/product_images/image_row_1386.jpg,FERQU-情趣骰子大快乐小快乐（组合款）,无,盒,2.6,,2粒/盒,=G1386*F1386,18,=J1386*G1386,,0.05
Q-N-036,/product_images/image_row_1387.png,小红包,无,盒,0.65,,1张,=G1387*F1387,1,=J1387*G1387,,0.005
Q-N-038,/product_images/image_row_1388.jpg,情趣扑克牌,无,副,2.145,,1副,=G1388*F1388,10,=J1388*G1388,6971580040912,0.09
Q-N-039,/product_images/image_row_1389.jpg,7号电池,无,节,0.325,,60节/盒,=G1389*F1389,1,=J1389*G1389,6971863850047,0.006
Q-N-040,/product_images/image_row_1390.jpg,5号电池,无,节,0.325,,60节/盒,=G1390*F1390,1,=J1390*G1390,6971863850054,0.012
Q-N-041,/product_images/image_row_1391.png,装饰品 立体藤条,2米/条,条,3.25,,2米/条,=G1391*F1391,10,=J1391*G1391,,0.01
Q-N-042,/product_images/image_row_1392.png,装饰品 枫叶红,2米/条,条,3.25,,2米/条,=G1392*F1392,10,=J1392*G1392,,0.01
Q-N-043,/product_images/image_row_1393.png,黑色手提袋大号,无,捆,7.8,,35个/捆,=G1393*F1393,12,=J1393*G1393,,0.35
Q-N-044,/product_images/image_row_1394.png,黑色手提袋小号,无,捆,3.9,,40个/捆,=G1394*F1394,6,=J1394*G1394,,0.12
Q-N-045,/product_images/image_row_1395.png,爆炸贴,无,包,3.25,,10张/包,=G1395*F1395,5,=J1395*G1395,,0.04
Q-N-046,/product_images/image_row_1396.png,太阳能展示台,太阳能,台,10.4,,一台/盒,=G1396*F1396,48,=J1396*G1396,,0.2
Q-N-050,/product_images/image_row_1397.jpg,乐橙摄像头,TC2E,盒,159.25,,1个/盒,=G1397*F1397,399,=J1397*G1397,6970972583358,0.3
Q-N-051,/product_images/image_row_1398.jpg,假摄像头,无,盒,16.25,,1个/盒,=G1398*F1398,25,=J1398*G1398,6974698416662,0.15
Q-N-054,/product_images/image_row_1399.png,记号笔 白板笔 黑,黑色,支,1.3,,1支,=G1399*F1399,2,=J1399*G1399,6959045000022,0.015
Q-N-056,/product_images/image_row_1400.jpg,签字笔,黑色,支,0.975,,1支,=G1400*F1400,2,=J1400*G1400,,0.008
Q-N-058,/product_images/image_row_1401.jpg,标签贴,无,包,1.3,,10张/包,=G1401*F1401,2,=J1401*G1401,,0.03
Q-N-060,/product_images/image_row_1402.jpg,美工刀,无,支,1.3,,1支,=G1402*F1402,2,=J1402*G1402,,0.015
Q-N-082,/product_images/image_row_1403.jpg,XZL-情趣滋润润滑啫喱,无,袋,0.2275,,1袋,=G1403*F1403,1,=J1403*G1403,6928590100181,0.008
Q-N-083,/product_images/image_row_1404.jpg,XZL-器具保护粉,无,袋,0.2925,,1袋,=G1404*F1404,1,=J1404*G1404,6972282508861,0.008
Q-N-090,/product_images/image_row_1405.jpg,FERQU-水溶性人体润滑液8g口红装,无,袋,0.2275,,1袋,=G1405*F1405,1,=J1405*G1405,6971212073370,0.008
W-N-101,/product_images/image_row_1406.jpg,丰胸按摩仪,USB充电,礼品盒,98,,一套/盒,=G1406*F1406,268,=J1406*G1406,6939068900165,0.35
W-N-102,/product_images/image_row_1407.jpg,双头加温AV棒,USB充电,礼品盒,76,,一套/盒,=G1407*F1407,198,=J1407*G1407,6939068920828,0.3
W-N-103,/product_images/image_row_1408.jpg,大兵伸缩加温双震棒,USB充电,礼品盒,96,,一套/盒,=G1408*F1408,268,=J1408*G1408,6939068900226,0.4
W-N-104,/product_images/image_row_1409.jpg,摇摆王双震棒,USB充电,礼品盒,74,,一套/盒,=G1409*F1409,198,=J1409*G1409,6939068900233,0.4
W-N-105,/product_images/image_row_1410.jpg,HQ-吸吮震动棒,USB充电,礼品盒,75,,一套/盒,=G1410*F1410,198,=J1410*G1410,6939068900196,0.4
W-N-106,/product_images/image_row_1411.jpg,HB-黑豹三代外用延时湿巾,外敷,片,1.5,,1片/袋,=G1411*F1411,20,=J1411*G1411,6922218100232,0.008
W-N-107,/product_images/image_row_1412.jpg,HB-黑豹Black Panther男用喷剂二代,喷剂,盒,25.9,,一支/盒,=G1412*F1412,128,=J1412*G1412,6922218100010,0.1
W-N-108,/product_images/image_row_1413.jpg,HB-黑豹Blackpanther3.0男用喷剂,喷剂,礼品盒,27.45,,一支/盒,=G1413*F1413,168,=J1413*G1413,6922218100225,0.15
W-N-109,/product_images/image_row_1414.jpg,HB-日本黑豹4.0延时喷剂,喷剂,礼品盒,47.25,,一支/盒,=G1414*F1414,499,=J1414*G1414,6922218100669,0.25
W-N-111,/product_images/image_row_1415.jpg,HB-黑豹black panther男士修护膏,外敷,盒,25,,一支/盒,=G1415*F1415,168,=J1415*G1415,6922218100003,0.15
W-N-113,/product_images/image_row_1416.jpg,HB-激夫 男士喷剂(经典款),喷剂,盒,27.9,,一支/盒,=G1416*F1416,99,=J1416*G1416,6922218100065,0.1
W-N-114,/product_images/image_row_1417.jpg,HB-黑豹Black Panther4.0外用延时湿巾,外敷,片,3.5,,2片/袋,=G1417*F1417,39,=J1417*G1417,6922218100683,0.01
W-N-116,/product_images/image_row_1418.jpg,CHISA-男神阿飞震动凸点阳具,7号电池2节,礼品盒,53,,一套/盒,=G1418*F1418,199,=J1418*G1418,6931870550125,0.5
W-N-119,/product_images/image_row_1419.jpg,夜劲 S男性外用喷剂 1代,无,礼品盒,59.5,,一只/盒,=G1419*F1419,399,=J1419*G1419,6971254186632,0.075
W-N-120,/product_images/image_row_1420.jpg,SY-龍根水礼盒装,无,礼品盒,25,,一只/盒,=G1420*F1420,268,=J1420*G1420,6971779152709,0.18
W-N-121,/product_images/image_row_1421.jpg,延时龙水外用延时喷剂经典款（调·养·固）,无,礼品盒,42,,一只/盒,=G1421*F1421,198,=J1421*G1421,6975523330009,0.06
W-N-122,/product_images/image_row_1422.jpg,夜劲 五代经典型男性外用延时喷剂,无,礼品盒,32,,一只/盒,=G1422*F1422,98,=J1422*G1422,6975523338951,0.05
W-N-123,/product_images/image_row_1423.jpg,XJ-享久男用喷剂,无,礼品盒,58,,一只/盒,=G1423*F1423,298,=J1423*G1423,6971254180029,0.06
W-N-124,/product_images/image_row_1424.jpg,XJ-享久男用喷剂2代加强版,无,礼品盒,78,,一只/盒,=G1424*F1424,450,=J1424*G1424,6971254180012,0.06
W-N-126,/product_images/image_row_1425.jpg,夜劲 S男性外用喷剂 2代,无,礼品盒,79.5,,一只/盒,=G1425*F1425,599,=J1425*G1425,6971254187998,0.075
W-N-127,/product_images/image_row_1426.jpg,XJ-享久3代男用喷剂,无,礼品盒,105,,一只/盒,=G1426*F1426,669,=J1426*G1426,6971254189992,0.25
W-N-129,/product_images/image_row_1427.jpg,安太医 安太医外用延时巾（加强款）,无,礼品盒,1.76,,一张/盒,=G1427*F1427,30,=J1427*G1427,6924986309152,0.008
W-N-130,/product_images/image_row_1428.jpg,安太医 男士外用延时喷剂经典款,无,礼品盒,44,,一只/盒,=G1428*F1428,268,=J1428*G1428,6924986300036,0.065
W-N-131,/product_images/image_row_1429.jpg,安太医 男士外用延时喷剂加强版,无,礼品盒,53.9,,一只/盒,=G1429*F1429,280,=J1429*G1429,6924986300098,0.14
W-N-132,/product_images/image_row_1430.jpg,安太医 三方十五味男士外用延时喷剂,无,礼品盒,59.4,,一只/盒,=G1430*F1430,399,=J1430*G1430,6924986300265,0.18
W-N-137,/product_images/image_row_1431.jpg,神你油 外用延时喷雾剂3ml,无,简装,7,,一瓶/盒,=G1431*F1431,88,=J1431*G1431,6974892210523,0.04
W-N-138,/product_images/image_row_1432.jpg,神你油 外用延时喷雾剂6ml,无,简装,9,,一瓶/盒,=G1432*F1432,108,=J1432*G1432,6974892210516,0.037
W-N-139,/product_images/image_row_1433.jpg,神你油 外用湿巾1片装,无,简装,1.65,,1片/盒,=G1433*F1433,28,=J1433*G1433,6974892210370,0.0046
W-N-153,/product_images/image_row_1434.jpg,神你油 外用延时喷雾剂10ml（黑金版）,外敷,简装,10.5,,1瓶/盒,=G1434*F1434,128,=J1434*G1434,6974892210127,0.05
W-N-154,/product_images/image_row_1435.jpg,神你油 外用延时喷雾剂6ml（网络版）,外敷,简装,9.5,,1瓶/盒,=G1435*F1435,118,=J1435*G1435,6974892210028,0.04
W-N-161,/product_images/image_row_1436.jpg,MAIG-萌宠鱼儿 10频震动硅胶防水静音跳蛋,USB充电,礼品盒,32,,一套/盒,=G1436*F1436,148,=J1436*G1436,6932053545129,0.12
W-N-163,/product_images/image_row_1437.jpg,MAIG-双享飞机杯 免提款,无,礼品盒,31,,一套/盒,=G1437*F1437,168,=J1437*G1437,6932053565967,0.9
W-N-175,/product_images/image_row_1438.jpg,TSN-享穴感应伸缩加温阳具,内附USB充电线,礼品盒,129,,一套/盒,=G1438*F1438,299,=J1438*G1438,6970258108114,0.5
W-N-176,/product_images/image_row_1439.jpg,TSN-享穴百变折弯震动加温阳具,内附USB充电线,礼品盒,85,,一套/盒,=G1439*F1439,238,=J1439*G1439,6970258108817,0.42
W-N-179,/product_images/image_row_1440.jpg,TSN-享穴充电疯狂摇摆硅胶舌头,内附USB充电线,礼品盒,85,,一套/盒,=G1440*F1440,248,=J1440*G1440,6970258109692,0.35
W-N-188,/product_images/image_row_1441.jpg,YY-魔棒钢笔 超强震动30频硅胶震动棒,内附USB充电线,礼品盒,52,,一套/盒,=G1441*F1441,189,=J1441*G1441,6972453090911,0.32
W-N-189,/product_images/image_row_1442.jpg,YY-SOCCI觅爱跳蛋 无线舌舔遥控,内附USB充电线,礼品盒,39.5,,一个/盒,=G1442*F1442,168,=J1442*G1442,6972453097910,0.14
W-N-190,/product_images/image_row_1443.jpg,YY-SOCCI小美奈,5号电池2节,礼品盒,38,,一套/盒,=G1443*F1443,234,=J1443*G1443,6972453090232,1.3
W-N-191,/product_images/image_row_1444.jpg,YY-SOCCI小玛丽,5号电池2节,礼品盒,38,,一套/盒,=G1444*F1444,234,=J1444*G1444,6972453090942,1.3
W-N-193,/product_images/image_row_1445.jpg,YY-SOCCI索奇双穴免提挤压飞机杯,无,彩盒,25.3,,一套/盒,=G1445*F1445,258,=J1445*G1445,6972453090560,0.6
W-N-194,/product_images/image_row_1446.jpg,YY-SOCCI挚爱互动语音挤压免提震动飞机杯,内附USB充电线,礼品盒,51.7,,一套/盒,=G1446*F1446,258,=J1446*G1446,6972453090478,0.8
W-N-195,/product_images/image_row_1447.jpg,YY-SOCCI悦爱自在杯智能互动震动发音双头飞机杯,内附USB充电线,礼品盒,53,,一套/盒,=G1447*F1447,258,=J1447*G1447,6972453093691,0.62
W-N-196,/product_images/image_row_1448.jpg,YY-亚优擎天柱智能摇摆震动恒温仿真阳具,内附USB充电线,礼品盒,65,,一套/盒,=G1448*F1448,268,=J1448*G1448,6972453098597,0.85
W-N-197,/product_images/image_row_1449.jpg,YY-SOCCI艾薇儿智能语音振动飞机杯,内附USB充电线,礼品盒,45.1,,一套/盒,=G1449*F1449,258,=J1449*G1449,6972453090423,0.8
W-N-198,/product_images/image_row_1450.jpg,YY-SOCCI风暴未来 漩涡飞机杯,内附USB充电线,礼品盒,52.5,,一套/盒,=G1450*F1450,258,=J1450*G1450,6972453096784,0.75
W-N-199,/product_images/image_row_1451.jpg,YY-SOCCI幻影战神 伸缩活塞飞机杯,内附USB充电线,礼品盒,160,,一套/盒,=G1451*F1451,380,=J1451*G1451,6972453094001,1.35
W-N-210,/product_images/image_row_1452.jpg,AFY-榨精杯 智能互动发音强力震动飞机杯,内附USB充电线,礼品盒,50,,一套/盒,=G1452*F1452,198,=J1452*G1452,6975478960160,0.7
W-N-211,/product_images/image_row_1453.jpg,AFY-外星人 智能12频吸吮互动真人发音震动加热飞机杯,内附USB充电线,礼品盒,85,,一套/盒,=G1453*F1453,218,=J1453*G1453,6975478960610,0.85
W-N-212,/product_images/image_row_1454.jpg,AFY-克洛伊 智能7频吸吮互动三国真人发音震动环绕加热飞机杯,磁吸充电,礼品盒,95,,一套/盒,=G1454*F1454,258,=J1454*G1454,6975478960504,1
W-N-213,/product_images/image_row_1455.jpg,AFY-火箭杯 智能10频伸缩三国互动发音一键加温飞机杯,内附USB充电线,礼品盒,109,,一套/盒,=G1455*F1455,298,=J1455*G1455,6975478960603,1
W-N-214,/product_images/image_row_1456.jpg,AFY-帕斯克 智能10频伸缩震动互动发音环绕加热飞机杯,内附USB充电线,礼品盒,100,,一套/盒,=G1456*F1456,328,=J1456*G1456,6975478960511,1
W-N-215,/product_images/image_row_1457.jpg,AFY-克里斯蒂 智能10频伸缩一键爆发互动发音震动加热飞机杯,磁吸充电,礼品盒,118,,一套/盒,=G1457*F1457,358,=J1457*G1457,6975478960047,1
W-N-299,/product_images/image_row_1458.jpg,AY-仿真人1:1实体娃娃,无,盒,1700,,一套/盒,=G1458*F1458,2999,=J1458*G1458,,44.5
W-N-300,/product_images/image_row_1459.jpg,JY-实体硅胶161cm 1:1仿真人娃娃（尊贵植发版）,无,盒,5888,,一套/盒,=G1459*F1459,9888,=J1459*G1459,,44.5
W-N-301,/product_images/image_row_1460.jpg,LLL-实体娃娃迷你版 妖精宝贝(42*31*26cm),无,盒,119,,一套/盒,=G1460*F1460,388,=J1460*G1460,6975624820027,6
W-N-302,/product_images/image_row_1461.jpg,QSX-实体娃娃中号睡美人（77*40*25cm),无,礼品盒,450,,一套/盒,=G1461*F1461,688,=J1461*G1461,,12
W-N-303,/product_images/image_row_1462.jpg,QSX-实体娃娃大号安琪娜（73*40*25cm）无彩盒,无,盒,495,,一套/盒,=G1462*F1462,788,=J1462*G1462,,17
W-N-304,/product_images/image_row_1463.jpg,QSX-实体女尤(42*31*17cm)无彩盒 不调换,无,盒,290,,一套/盒,=G1463*F1463,688,=J1463*G1463,,9.6
W-N-305,/product_images/image_row_1464.jpg,QSX-大半身娃娃中号(胸80cm腰49cm臀72cm长74cm)无彩盒 不调换,无,盒,700,,一套/盒,=G1464*F1464,988,=J1464*G1464,,15
W-N-306,/product_images/image_row_1465.jpg,QSX-男用腿模中号(70cm)无彩盒 不调换,无,盒,265,,一套/盒,=G1465*F1465,588,=J1465*G1465,,6.3
W-N-307,/product_images/image_row_1466.jpg,LLL-雨宫翘臀,无,盒,85,,一套/盒,=G1466*F1466,298,=J1466*G1466,6975624820034,5
W-N-350,/product_images/image_row_1467.jpg,YY-实体娃娃萝莉型-可昕(25*15*110cm),套装,礼品盒,1500,,一套/盒,=G1467*F1467,2999,=J1467*G1467,,15
W-N-351,/product_images/image_row_1468.jpg,YY-实体娃娃清纯型-含露(30*15*130cm),套装,礼品盒,2100,,一套/盒,=G1468*F1468,3999,=J1468*G1468,,17
W-N-352,/product_images/image_row_1469.jpg,YY-实体娃娃御姐型-影娜(38*25*168cm）,套装,礼品盒,4000,,一套/盒,=G1469*F1469,6999,=J1469*G1469,,34
